rank,overlap_id,distance_mi,time_gap (day),score,utility_a,project_id_a,project_name_a,in_service_a,utility_b,project_id_b,project_name_b,in_service_b,confidence
1,OVL_1,5.65,152,0.817,Dominion Energy South Carolina,DESC_23,Jasper – Okatie 230 kV #2: Construct,2025-12-31,Georgia Power,GPC_20277,SAV: MCINTOSH - PURRYSBURG 230KV REACTORS,2026-06-01,verified
2,OVL_2,7.55,517,0.704,Dominion Energy South Carolina,DESC_23,Jasper – Okatie 230 kV #2: Construct,2025-12-31,Georgia Power,GPC_20065,SAV: GOSHEN (SAV) - MCINTOSH 115KV LINE REBUILD,2027-06-01,verified
3,OVL_3,9.2,883,0.597,Dominion Energy South Carolina,DESC_43,Urquhart – Aiken PSA 46 kV: Rebuild,2027-12-31,Georgia Power,GPC_21116,GOSHEN AREA STRATEGIC SOLUTION,2030-06-01,needs_check
4,OVL_4,4.09,3074,0.586,Dominion Energy South Carolina,DESC_31,Hooks - Thurmond 115kV Tie: Rebuild,2024-12-31,Georgia Power,GPC_20793,EVANS PRIMARY - THURMOND DAM (USA) #5 115KV REBUILD,2033-06-01,verified
5,OVL_5,4.09,3074,0.586,Dominion Energy South Carolina,DESC_31,Hooks - Thurmond 115kV Tie: Rebuild,2024-12-31,Georgia Power,GPC_20794,EVANS PRIMARY - THURMOND DAM (USA) #6 115KV REBUILD,2033-06-01,verified
6,OVL_6,11.75,517,0.586,Dominion Energy South Carolina,DESC_23,Jasper – Okatie 230 kV #2: Construct,2025-12-31,Georgia Power,GPC_20785,SAV: GOSHEN (SAV) - KRAFT 115KV LINE REBUILD,2027-06-01,verified
7,OVL_7,14.34,365,0.538,Dominion Energy South Carolina,DESC_10,Okatie-Bluffton 115kV: Rebuild,2025-06-01,Georgia Power,GPC_20277,SAV: MCINTOSH - PURRYSBURG 230KV REACTORS,2026-06-01,verified
8,OVL_8,18.08,0,0.494,Dominion Energy South Carolina,DESC_10,Okatie-Bluffton 115kV: Rebuild,2025-06-01,Georgia Power,GPC_20067,SAV: DEPTFORD - MAGNOLIA 115KV RECONDUCTOR,2025-06-01,verified
9,OVL_9,8.01,3074,0.476,Dominion Energy South Carolina,DESC_14,Stevens Creek - Hooks 115kV/LR Plumb Branch 46kV Rebuilds,2024-12-31,Georgia Power,GPC_20793,EVANS PRIMARY - THURMOND DAM (USA) #5 115KV REBUILD,2033-06-01,verified
10,OVL_10,8.01,3074,0.476,Dominion Energy South Carolina,DESC_14,Stevens Creek - Hooks 115kV/LR Plumb Branch 46kV Rebuilds,2024-12-31,Georgia Power,GPC_20794,EVANS PRIMARY - THURMOND DAM (USA) #6 115KV REBUILD,2033-06-01,verified
11,OVL_11,14.81,730,0.465,Dominion Energy South Carolina,DESC_10,Okatie-Bluffton 115kV: Rebuild,2025-06-01,Georgia Power,GPC_20065,SAV: GOSHEN (SAV) - MCINTOSH 115KV LINE REBUILD,2027-06-01,verified
12,OVL_12,14.95,730,0.461,Dominion Energy South Carolina,DESC_10,Okatie-Bluffton 115kV: Rebuild,2025-06-01,Georgia Power,GPC_20785,SAV: GOSHEN (SAV) - KRAFT 115KV LINE REBUILD,2027-06-01,verified
13,OVL_13,18.27,365,0.428,Dominion Energy South Carolina,DESC_10,Okatie-Bluffton 115kV: Rebuild,2025-06-01,Georgia Power,GPC_20066,SAV: BOULEVARD - DEPTFORD 115KV RECONDUCTOR,2026-06-01,needs_check
14,OVL_14,20.23,152,0.409,Dominion Energy South Carolina,DESC_23,Jasper – Okatie 230 kV #2: Construct,2025-12-31,Georgia Power,GPC_20066,SAV: BOULEVARD - DEPTFORD 115KV RECONDUCTOR,2026-06-01,needs_check
15,OVL_15,20.85,213,0.381,Dominion Energy South Carolina,DESC_23,Jasper – Okatie 230 kV #2: Construct,2025-12-31,Georgia Power,GPC_20067,SAV: DEPTFORD - MAGNOLIA 115KV RECONDUCTOR,2025-06-01,verified
16,OVL_16,12.42,3652,0.352,Dominion Energy South Carolina,DESC_31,Hooks - Thurmond 115kV Tie: Rebuild,2024-12-31,Georgia Power,GPC_17993,EVANS PRIMARY - THOMSON PRIMARY 115KV REBUILD,2034-12-31,needs_check
17,OVL_17,18.91,883,0.325,Dominion Energy South Carolina,DESC_23,Jasper – Okatie 230 kV #2: Construct,2025-12-31,Georgia Power,GPC_20783,SAV: COLEMAN - DEAN FOREST 115KV LINE REBUILD,2028-06-01,needs_check
18,OVL_18,16.38,1389,0.313,Dominion Energy South Carolina,DESC_35,Urquhart – Toolebeck 115kV line: Rebuild,2026-08-12,Georgia Power,GPC_21116,GOSHEN AREA STRATEGIC SOLUTION,2030-06-01,needs_check
19,OVL_19,14.51,3652,0.294,Dominion Energy South Carolina,DESC_14,Stevens Creek - Hooks 115kV/LR Plumb Branch 46kV Rebuilds,2024-12-31,Georgia Power,GPC_17993,EVANS PRIMARY - THOMSON PRIMARY 115KV REBUILD,2034-12-31,needs_check
20,OVL_20,19.93,1096,0.262,Dominion Energy South Carolina,DESC_10,Okatie-Bluffton 115kV: Rebuild,2025-06-01,Georgia Power,GPC_20407,SAV: MAGNOLIA - TRUMAN PARKWAY 115KV REBUILD,2028-06-01,needs_check
21,OVL_21,20.25,1096,0.253,Dominion Energy South Carolina,DESC_10,Okatie-Bluffton 115kV: Rebuild,2025-06-01,Georgia Power,GPC_20783,SAV: COLEMAN - DEAN FOREST 115KV LINE REBUILD,2028-06-01,needs_check
22,OVL_22,22.37,883,0.228,Dominion Energy South Carolina,DESC_23,Jasper – Okatie 230 kV #2: Construct,2025-12-31,Georgia Power,GPC_20407,SAV: MAGNOLIA - TRUMAN PARKWAY 115KV REBUILD,2028-06-01,needs_check
23,OVL_23,17.09,1978,0.222,Dominion Energy South Carolina,DESC_14,Stevens Creek - Hooks 115kV/LR Plumb Branch 46kV Rebuilds,2024-12-31,Georgia Power,GPC_21116,GOSHEN AREA STRATEGIC SOLUTION,2030-06-01,needs_check
24,OVL_24,20.15,1461,0.196,Dominion Energy South Carolina,DESC_10,Okatie-Bluffton 115kV: Rebuild,2025-06-01,Georgia Power,GPC_21006,SAV: BOULEVARD - MAGNOLIA 115 KV LINE REBUILD,2029-06-01,needs_check
25,OVL_25,21.83,1248,0.183,Dominion Energy South Carolina,DESC_23,Jasper – Okatie 230 kV #2: Construct,2025-12-31,Georgia Power,GPC_21006,SAV: BOULEVARD - MAGNOLIA 115 KV LINE REBUILD,2029-06-01,needs_check
26,OVL_26,19.0,3074,0.168,Dominion Energy South Carolina,DESC_31,Hooks - Thurmond 115kV Tie: Rebuild,2024-12-31,Georgia Power,GPC_14222,THOMSON PRIMARY 230/115KV SECOND TRANSFORMER,2033-06-01,needs_check
27,OVL_27,22.42,1248,0.167,Dominion Energy South Carolina,DESC_23,Jasper – Okatie 230 kV #2: Construct,2025-12-31,Georgia Power,GPC_21023,SAV: DEAN FOREST - LITTLE OGEECHEE 230 KV REBUILD,2029-06-01,needs_check
28,OVL_28,19.51,1979,0.154,Dominion Energy South Carolina,DESC_43,Urquhart – Aiken PSA 46 kV: Rebuild,2027-12-31,Georgia Power,GPC_20793,EVANS PRIMARY - THURMOND DAM (USA) #5 115KV REBUILD,2033-06-01,needs_check
29,OVL_29,19.51,1979,0.154,Dominion Energy South Carolina,DESC_43,Urquhart – Aiken PSA 46 kV: Rebuild,2027-12-31,Georgia Power,GPC_20794,EVANS PRIMARY - THURMOND DAM (USA) #6 115KV REBUILD,2033-06-01,needs_check
30,OVL_30,19.61,2344,0.151,Dominion Energy South Carolina,DESC_23,Jasper – Okatie 230 kV #2: Construct,2025-12-31,Georgia Power,GPC_20784,SAV: COLEMAN - MELDRIM 115KV LINE REBUILD,2032-06-01,needs_check
31,OVL_31,23.19,1461,0.111,Dominion Energy South Carolina,DESC_10,Okatie-Bluffton 115kV: Rebuild,2025-06-01,Georgia Power,GPC_21023,SAV: DEAN FOREST - LITTLE OGEECHEE 230 KV REBUILD,2029-06-01,needs_check
32,OVL_32,21.48,2709,0.099,Dominion Energy South Carolina,DESC_23,Jasper – Okatie 230 kV #2: Construct,2025-12-31,Georgia Power,GPC_20796,SAV: MELDRIM BANK D REPLACEMENT,2033-06-01,needs_check
33,OVL_33,22.21,3074,0.078,Dominion Energy South Carolina,DESC_14,Stevens Creek - Hooks 115kV/LR Plumb Branch 46kV Rebuilds,2024-12-31,Georgia Power,GPC_14222,THOMSON PRIMARY 230/115KV SECOND TRANSFORMER,2033-06-01,needs_check
34,OVL_34,22.39,2557,0.073,Dominion Energy South Carolina,DESC_43,Urquhart – Aiken PSA 46 kV: Rebuild,2027-12-31,Georgia Power,GPC_17993,EVANS PRIMARY - THOMSON PRIMARY 115KV REBUILD,2034-12-31,needs_check
35,OVL_35,23.27,2557,0.048,Dominion Energy South Carolina,DESC_10,Okatie-Bluffton 115kV: Rebuild,2025-06-01,Georgia Power,GPC_20784,SAV: COLEMAN - MELDRIM 115KV LINE REBUILD,2032-06-01,needs_check
36,OVL_36,24.01,2485,0.028,Dominion Energy South Carolina,DESC_35,Urquhart – Toolebeck 115kV line: Rebuild,2026-08-12,Georgia Power,GPC_20793,EVANS PRIMARY - THURMOND DAM (USA) #5 115KV REBUILD,2033-06-01,needs_check
37,OVL_37,24.01,2485,0.028,Dominion Energy South Carolina,DESC_35,Urquhart – Toolebeck 115kV line: Rebuild,2026-08-12,Georgia Power,GPC_20794,EVANS PRIMARY - THURMOND DAM (USA) #6 115KV REBUILD,2033-06-01,needs_check
