project_id,utility,state,sponsor,zone,project_name,name_a,lat_a,lon_a,name_b,lat_b,lon_b,in_service_date,status,location_confidence,source_id,source,match_a,match_b,lat_center,lon_center,overlap_count,overlap_1,overlap_2,overlap_3
DESC_1,Dominion Energy South Carolina,SC,DESC,,Queensboro - Ft Johnson 115 kV & Queensboro-Bayfront 115kV (Queensboro-James Island Sect),Queensboro Sub,32.722793,-79.967332,Ft Johnson Sub,,,2023-12-31,In Progress,sponsor_verified,6807 B,"DESC Planned Transmission Projects $2M+ (2024-2028), project 1 of 44",,,32.722793,-79.967332,0,,,
DESC_2,Dominion Energy South Carolina,SC,DESC,,Union Pier 115-13.8 kV Sub: Tap,Union Pier,,,,,,2027-12-31,Planned,not_found,0167C-D,"DESC Planned Transmission Projects $2M+ (2024-2028), project 2 of 44",not_found,,,,0,,,
DESC_3,Dominion Energy South Carolina,SC,DESC,,"Okatie 230-115kV Substation, Jasper – Yemassee 230kV #1 Fold-in",Okatie,,,,,,2024-12-31,In Progress,not_found,"0139 M,N","DESC Planned Transmission Projects $2M+ (2024-2028), project 3 of 44",not_found,,,,0,,,
DESC_4,Dominion Energy South Carolina,SC,DESC,,Cainhoy - Hamlin 115kV: Rebuild Line and Cainhoy – Hamlin 115 kV #2: Construct New 115 kV Line,Cainhoy,32.941402,-79.8422757,Hamlin,32.859937,-79.7884409,2025-12-01,In Progress,auto_exact,6341 A-F,"DESC Planned Transmission Projects $2M+ (2024-2028), project 4 of 44",auto_exact,auto_exact,32.9006695,-79.8153583,0,,,
DESC_5,Dominion Energy South Carolina,SC,DESC,,Eastover - Square D 115kV: Rebuild,Eastover,,,Square D,,,2024-06-01,In Progress,not_found,6808 J,"DESC Planned Transmission Projects $2M+ (2024-2028), project 5 of 44",not_found,not_found,,,0,,,
DESC_6,Dominion Energy South Carolina,SC,DESC,,Burton-St Helena 115kV: Rebuild Burton-Frogmore Transmission Section,Burton,32.4364883,-80.7210159,St Helena,,,2024-12-31,In Progress,auto_exact_partial,6808 K,"DESC Planned Transmission Projects $2M+ (2024-2028), project 6 of 44",auto_exact,not_found,32.4364883,-80.7210159,0,,,
DESC_7,Dominion Energy South Carolina,SC,DESC,,Burton-St Helena 115kV: Frogmore Distribution - St Helena,Burton,32.4364883,-80.7210159,St Helena,,,2025-12-31,In Progress,auto_exact_partial,6808 L,"DESC Planned Transmission Projects $2M+ (2024-2028), project 7 of 44",auto_exact,not_found,32.4364883,-80.7210159,0,,,
DESC_8,Dominion Energy South Carolina,SC,DESC,,VCS1-Denny Terrace 230kV & VCS1-Pineland 230kV: Rebuild Single Circuit Sections,VCS1,,,Denny Terrace,34.0576091,-81.061561,2026-12-31,In Progress,auto_exact_partial,"6808 N,O","DESC Planned Transmission Projects $2M+ (2024-2028), project 8 of 44",not_found,auto_exact,34.0576091,-81.061561,0,,,
DESC_9,Dominion Energy South Carolina,SC,DESC,,Wateree-Killian 230kV: Rebuild,Wateree,34.3346578,-80.7023194,Killian,,,2028-12-31,In Progress,auto_ambiguous_partial,6808 R,"DESC Planned Transmission Projects $2M+ (2024-2028), project 9 of 44",auto_ambiguous,not_found,34.3346578,-80.7023194,0,,,
DESC_10,Dominion Energy South Carolina,SC,DESC,,Okatie-Bluffton 115kV: Rebuild,Okatie Sub,32.333758,-81.032495,Bluffton Sub,32.235027,-80.853384,2025-06-01,In Progress,sponsor_verified,6808 S,"DESC Planned Transmission Projects $2M+ (2024-2028), project 10 of 44",,,32.2843925,-80.9429395,9,GPC_20277,GPC_20067,GPC_20065
DESC_11,Dominion Energy South Carolina,SC,DESC,,Hopkins-CIP 230kV: Rebuild,Hopkins,,,CIP,,,2025-12-31,Planned,not_found,6808 U,"DESC Planned Transmission Projects $2M+ (2024-2028), project 11 of 44",not_found,not_found,,,0,,,
DESC_12,Dominion Energy South Carolina,SC,DESC,,Faber Place-Bayfront 115kV: Rebuild North Bridge Terrace to Bayfront Section,Faber Place,32.8500798,-80.0146241,Bayfront,,,2028-12-31,Planned,auto_exact_partial,6808 V,"DESC Planned Transmission Projects $2M+ (2024-2028), project 12 of 44",auto_exact,not_found,32.8500798,-80.0146241,0,,,
DESC_13,Dominion Energy South Carolina,SC,DESC,,Square D - Hopkins 115kV: Rebuild,Square D,,,Hopkins,,,2024-09-30,In Progress,not_found,6808 W,"DESC Planned Transmission Projects $2M+ (2024-2028), project 13 of 44",not_found,not_found,,,0,,,
DESC_14,Dominion Energy South Carolina,SC,DESC,,Stevens Creek - Hooks 115kV/LR Plumb Branch 46kV Rebuilds,Stevens Creek Sub,33.562599,-82.051362,Hooks Sub,,,2024-12-31,In Progress,sponsor_verified,6809 E,"DESC Planned Transmission Projects $2M+ (2024-2028), project 14 of 44",,,33.562599,-82.051362,6,GPC_20794,GPC_20793,GPC_20785
DESC_15,Dominion Energy South Carolina,SC,DESC,,Stevens Creek - Hooks 115kV/LR Plumb Branch 46kV,Stevens Creek,,,Hooks,,,2025-12-31,Planned,not_found,6809 G,"DESC Planned Transmission Projects $2M+ (2024-2028), project 15 of 44",not_found,not_found,,,0,,,
DESC_16,Dominion Energy South Carolina,SC,DESC,,"Edenwood Sub: #1 & #2 230-115kV Autobanks, Replace with 336MVA",Edenwood,,,,,,2024-12-25,In Progress,not_found,6805 G,"DESC Planned Transmission Projects $2M+ (2024-2028), project 16 of 44",not_found,,,,0,,,
DESC_17,Dominion Energy South Carolina,SC,DESC,,"Williams St Sub: Replace Sw House & Relays, AM Williams Sub: Replace Sw House, and McMeekin Sub: Add Sw House",Williams St,,,,,,2028-12-31,In Progress,not_found,"1060A, I, L","DESC Planned Transmission Projects $2M+ (2024-2028), project 17 of 44",not_found,,,,0,,,
DESC_18,Dominion Energy South Carolina,SC,DESC,,Harleyville 115KV Transmission Tap – Construct (1.4 miles),Harleyville,33.2099069,-80.4511658,,,,2027-03-31,Planned,auto_exact,06005 B,"DESC Planned Transmission Projects $2M+ (2024-2028), project 18 of 44",auto_exact,,33.2099069,-80.4511658,0,,,
DESC_19,Dominion Energy South Carolina,SC,DESC,,Summerville: Replace and Spare 230-115kV 336MVA Auto Bank,Summerville,,,,,,2024-12-31,In Progress,not_found,05004 P,"DESC Planned Transmission Projects $2M+ (2024-2028), project 19 of 44",not_found,,,,0,,,
DESC_20,Dominion Energy South Carolina,SC,DESC,,Canadys-Ritter 115KV-Rebld SPDC 230/115KV 1272 (Approx 18 Miles),Canadys,33.0640963,-80.6205999,Ritter,,,2026-06-01,In Progress,auto_exact_partial,06076A,"DESC Planned Transmission Projects $2M+ (2024-2028), project 20 of 44",auto_exact,not_found,33.0640963,-80.6205999,0,,,
DESC_21,Dominion Energy South Carolina,SC,DESC,,Yemassee– Ritter 230kV #1 & #2: Construct SPDC with B-1272,Yemassee,32.6974259,-80.8637929,Ritter,,,2026-06-01,Planned,auto_exact_partial,6359,"DESC Planned Transmission Projects $2M+ (2024-2028), project 21 of 44",auto_exact,not_found,32.6974259,-80.8637929,0,,,
DESC_22,Dominion Energy South Carolina,SC,DESC,,Riverport Tap: Construct Tap,Riverport,,,,,,2025-12-31,In Progress,not_found,"06367 A - C, H","DESC Planned Transmission Projects $2M+ (2024-2028), project 22 of 44",not_found,,,,0,,,
DESC_23,Dominion Energy South Carolina,SC,DESC,,Jasper – Okatie 230 kV #2: Construct,Jasper Sub,32.35912,-81.1246,Okatie Sub,32.333758,-81.032495,2025-12-31,In Progress,sponsor_verified,06367 D - G,"DESC Planned Transmission Projects $2M+ (2024-2028), project 23 of 44",,,32.346439000000004,-81.0785475,10,GPC_20277,GPC_20065,GPC_20066
DESC_24,Dominion Energy South Carolina,SC,DESC,,Wagener 115kV Tap: Construct Tap,Wagener,33.6501119,-81.3605659,,,,2025-12-31,Planned,auto_exact,06371 D,"DESC Planned Transmission Projects $2M+ (2024-2028), project 24 of 44",auto_exact,,33.6501119,-81.3605659,0,,,
DESC_25,Dominion Energy South Carolina,SC,DESC,,Church Creek - Ritter 230kV - Replace 38 Large Angles and Dead Ends,Church Creek,32.8303196,-80.0702792,Ritter,,,2024-06-01,In Progress,auto_exact_partial,06372 A,"DESC Planned Transmission Projects $2M+ (2024-2028), project 25 of 44",auto_exact,not_found,32.8303196,-80.0702792,0,,,
DESC_26,Dominion Energy South Carolina,SC,DESC,,VCS2-Ward 230kV: Rebuild Line,VCS2,,,Ward,33.87218,-81.6977228,2029-12-31,Planned,auto_exact_partial,06810 F,"DESC Planned Transmission Projects $2M+ (2024-2028), project 26 of 44",not_found,auto_exact,33.87218,-81.6977228,0,,,
DESC_27,Dominion Energy South Carolina,SC,DESC,,Goose Creek Reservoir: Rebuild Transmission Line Crossings,Goose Creek Reservoir,,,,,,2024-12-31,In Progress,not_found,06810 G,"DESC Planned Transmission Projects $2M+ (2024-2028), project 27 of 44",not_found,,,,0,,,
DESC_28,Dominion Energy South Carolina,SC,DESC,,Summerville 115kV Loop: Rebuild,Summerville,,,,,,2024-12-31,In Progress,not_found,06810 H,"DESC Planned Transmission Projects $2M+ (2024-2028), project 28 of 44",not_found,,,,0,,,
DESC_29,Dominion Energy South Carolina,SC,DESC,,St George - Sumter 230kV Tie: Rebuild Line from Santee Substation Duke/Progress Energy Tie,St George,33.199388,-80.5920086,Sumter,33.8976611,-80.3239761,2025-12-31,Planned,auto_exact,6809 M,"DESC Planned Transmission Projects $2M+ (2024-2028), project 29 of 44",auto_exact,auto_exact,33.548524549999996,-80.45799235,0,,,
DESC_30,Dominion Energy South Carolina,SC,DESC,,Coit – Gills Creek 115kV: Construct,Coit,,,Gills Creek,,,2024-12-31,In Progress,not_found,5392 A-C,"DESC Planned Transmission Projects $2M+ (2024-2028), project 30 of 44",not_found,not_found,,,0,,,
DESC_31,Dominion Energy South Carolina,SC,DESC,,Hooks - Thurmond 115kV Tie: Rebuild,Hooks Sub,,,Thurmond Sub,33.660127,-82.195931,2024-12-31,In Progress,sponsor_verified,6810 A,"DESC Planned Transmission Projects $2M+ (2024-2028), project 31 of 44",,,33.660127,-82.195931,4,GPC_20793,GPC_20794,GPC_17993
DESC_32,Dominion Energy South Carolina,SC,DESC,,Batesburg - Saluda County 115kV: Rebuild,Batesburg,33.9134867,-81.5644353,Saluda County,,,2025-12-31,In Progress,auto_exact_partial,6809 N,"DESC Planned Transmission Projects $2M+ (2024-2028), project 32 of 44",auto_exact,not_found,33.9134867,-81.5644353,0,,,
DESC_33,Dominion Energy South Carolina,SC,DESC,,Scout 230 kV Sub and Fold-in: Construct,Scout,,,,,,2026-03-31,In Progress,not_found,6853 B-F,"DESC Planned Transmission Projects $2M+ (2024-2028), project 33 of 44",not_found,,,,0,,,
DESC_34,Dominion Energy South Carolina,SC,DESC,,Dawson 230kV Sub and Fold-in: Construct and Rebuild,Dawson,,,,,,2025-10-01,In Progress,not_found,6859,"DESC Planned Transmission Projects $2M+ (2024-2028), project 34 of 44",not_found,,,,0,,,
DESC_35,Dominion Energy South Carolina,SC,DESC,,Urquhart – Toolebeck 115kV line: Rebuild,Urquhart,33.4328703,-81.9110807,Toolebeck,33.5346321,-81.6693272,2026-08-12,In Progress,auto_exact,6852,"DESC Planned Transmission Projects $2M+ (2024-2028), project 35 of 44",auto_exact,auto_exact,33.4837512,-81.79020395,4,GPC_20785,GPC_21116,GPC_20794
DESC_36,Dominion Energy South Carolina,SC,DESC,,Williams-Summerville 230kV: Upgrade to SPDC B1272 ACSR,Williams,33.0176985,-79.9321678,Summerville,,,2027-05-01,Planned,auto_exact_partial,6388 A,"DESC Planned Transmission Projects $2M+ (2024-2028), project 36 of 44",auto_exact,not_found,33.0176985,-79.9321678,0,,,
DESC_37,Dominion Energy South Carolina,SC,DESC,,Cainhoy 115 kV Tap: Construct,Cainhoy,32.941402,-79.8422757,,,,2027-12-31,Planned,auto_exact,"0147 C, K","DESC Planned Transmission Projects $2M+ (2024-2028), project 37 of 44",auto_exact,,32.941402,-79.8422757,0,,,
DESC_38,Dominion Energy South Carolina,SC,DESC,,Jack Primus 115 kV Tap: Construct,Jack Primus,32.9193841,-79.9044954,,,,2027-12-31,Planned,auto_exact,"0147 B, J","DESC Planned Transmission Projects $2M+ (2024-2028), project 38 of 44",auto_exact,,32.9193841,-79.9044954,0,,,
DESC_39,Dominion Energy South Carolina,SC,DESC,,Church Creek – Faber Place – Charleston Transmission: Add 230kV Line,Church Creek,32.8303196,-80.0702792,Faber Place,32.8500798,-80.0146241,2027-05-01,In Progress,auto_exact,"6847 A-B, D-H","DESC Planned Transmission Projects $2M+ (2024-2028), project 39 of 44",auto_exact,auto_exact,32.8401997,-80.04245165,0,,,
DESC_40,Dominion Energy South Carolina,SC,DESC,,Eastover – Sumter 115kV DEP Tie: Rebuild with 1272 ACSR,Eastover,,,Sumter,33.8976611,-80.3239761,2026-05-31,Planned,auto_exact_partial,6846 A,"DESC Planned Transmission Projects $2M+ (2024-2028), project 40 of 44",not_found,auto_exact,33.8976611,-80.3239761,0,,,
DESC_41,Dominion Energy South Carolina,SC,DESC,,Cameron Jct – Elloree 46 kV Rebuild,Cameron Jct,33.5636663,-80.7089959,Elloree,33.5323844,-80.5797245,2026-12-31,Planned,auto_exact,6810 U,"DESC Planned Transmission Projects $2M+ (2024-2028), project 41 of 44",auto_exact,auto_exact,33.54802535,-80.6443602,0,,,
DESC_42,Dominion Energy South Carolina,SC,DESC,,Elloree – Santee City 46 kV: Rebuild,Elloree,33.5323844,-80.5797245,Santee City,,,2027-12-31,Planned,auto_exact_partial,6810 J,"DESC Planned Transmission Projects $2M+ (2024-2028), project 42 of 44",auto_exact,not_found,33.5323844,-80.5797245,0,,,
DESC_43,Dominion Energy South Carolina,SC,DESC,,Urquhart – Aiken PSA 46 kV: Rebuild,Urquhart,33.4328703,-81.9110807,Aiken PSA,,,2027-12-31,Planned,auto_exact_partial,6810 O,"DESC Planned Transmission Projects $2M+ (2024-2028), project 43 of 44",auto_exact,not_found,33.4328703,-81.9110807,5,GPC_20785,GPC_21116,GPC_20794
DESC_44,Dominion Energy South Carolina,SC,DESC,,Cameron Jct – Cameron – St Matthews 46 kV Rebuild,Cameron Jct,33.5636663,-80.7089959,Cameron,33.5636663,-80.7089959,2028-12-31,Planned,auto_exact,6810 T,"DESC Planned Transmission Projects $2M+ (2024-2028), project 44 of 44",auto_exact,auto_exact,33.5636663,-80.7089959,0,,,
GPC_19523,Georgia Power,GA,SAV,219.0,SAV: CC - HYUNDAI MOTORS SAVANNAH AKA. PROJECT EA,HYUNDAI MOTORS SAVANNAH AKA. PROJECT EA,,,,,,2025-01-01,Planned,not_found,19523,"Georgia Power 2025 IRP Vol. 3, Table 2 (GA ITS 10 Year Plan), TEAMS #19523",not_found,,,,0,,,
GPC_18670,Georgia ITS (GTC),GA,GTC,212.0,GTC: BANKS CROSSING - POND FORK 115 KV,BANKS CROSSING,,,POND FORK,,,2025-05-01,Planned,not_found,18670,"Georgia Power 2025 IRP Vol. 3, Table 2 (GA ITS 10 Year Plan), TEAMS #18670",not_found,not_found,,,0,,,
GPC_18492,Georgia Power,GA,GPC,216.0,MITCHELL - NORTH TIFTON 230KV RECONDUCTOR,Mitchell Substation,31.447121,-84.133843,North Tifton Substation,31.478089,-83.54913,2025-05-01,Planned,sponsor_verified,18492,"Georgia Power 2025 IRP Vol. 3, Table 2 (GA ITS 10 Year Plan), TEAMS #18492",,,31.462605,-83.8414865,0,,,
GPC_19676,Georgia Power,GA,GPC,206.0,ADAMSVILLE - JACK MCDONOUGH 230KV LINE REBUILD,ADAMSVILLE,,,JACK MCDONOUGH,,,2025-06-01,Planned,not_found,19676,"Georgia Power 2025 IRP Vol. 3, Table 2 (GA ITS 10 Year Plan), TEAMS #19676",not_found,not_found,,,0,,,
GPC_18800,Georgia Power,GA,GPC,214.0,ECHECONNEE-WELLSTON 115KV REBUILD,ECHECONNEE,,,WELLSTON,,,2025-06-01,Planned,not_found,18800,"Georgia Power 2025 IRP Vol. 3, Table 2 (GA ITS 10 Year Plan), TEAMS #18800",not_found,not_found,,,0,,,
GPC_19187,Georgia Power,GA,GPC,211.0,GRID - BREMEN - CROOKED CREEK (APC) 115 KV PROJECT,BREMEN,33.7091924,-85.1427159,CROOKED CREEK,,,2025-06-01,Planned,auto_exact_partial,19187,"Georgia Power 2025 IRP Vol. 3, Table 2 (GA ITS 10 Year Plan), TEAMS #19187",auto_exact,not_found,33.7091924,-85.1427159,0,,,
GPC_18153,Georgia ITS (GTC),GA,GTC,214.0,GTC: BONAIRE PRI- ECHECONNEE 115 KV PARTIAL REBUILD,BONAIRE PRI,,,ECHECONNEE,,,2025-06-01,Planned,not_found,18153,"Georgia Power 2025 IRP Vol. 3, Table 2 (GA ITS 10 Year Plan), TEAMS #18153",not_found,not_found,,,0,,,
GPC_20342,Georgia ITS (GTC),GA,GTC,218.0,GTC: CAMDEN INDUSTRIAL PARK 230/115KV NEW SUBSTATION,CAMDEN INDUSTRIAL PARK,,,,,,2025-06-01,Planned,not_found,20342,"Georgia Power 2025 IRP Vol. 3, Table 2 (GA ITS 10 Year Plan), TEAMS #20342",not_found,,,,0,,,
GPC_20590,Georgia ITS (GTC),GA,GTC,214.0,GTC: EATONTON PRIMARY - LICK CREEK 115KV LINE SWITCH REPLACEMENT,EATONTON PRIMARY,33.3044809,-83.4025186,LICK CREEK,,,2025-06-01,Planned,auto_exact_partial,20590,"Georgia Power 2025 IRP Vol. 3, Table 2 (GA ITS 10 Year Plan), TEAMS #20590",auto_exact,not_found,33.3044809,-83.4025186,0,,,
GPC_11821,Georgia Power,GA,GPC,218.0,JESUP - LUDOWICI PRIMARY 115KV REBUILD,JESUP,31.603106,-81.924947,LUDOWICI PRIMARY,31.721597,-81.743703,2025-06-01,Planned,sponsor_verified,11821,"Georgia Power 2025 IRP Vol. 3, Table 2 (GA ITS 10 Year Plan), TEAMS #11821",,,31.6623515,-81.834325,0,,,
GPC_13753,Georgia ITS (MEAG),GA,MEAG,206.0,MEAG: ALCOVY ROAD - SKC 115 KV RECONDUCTOR,ALCOVY ROAD,,,SKC,,,2025-06-01,Planned,not_found,13753,"Georgia Power 2025 IRP Vol. 3, Table 2 (GA ITS 10 Year Plan), TEAMS #13753",not_found,not_found,,,0,,,
GPC_13787,Georgia ITS (MEAG),GA,MEAG,214.0,MEAG: AULTMAN ROAD - BONAIRE PRIMARY 115 KV REBUILD,AULTMAN ROAD,32.56338,-83.7399508,BONAIRE PRIMARY,32.5647949,-83.6000226,2025-06-01,Planned,auto_fuzzy,13787,"Georgia Power 2025 IRP Vol. 3, Table 2 (GA ITS 10 Year Plan), TEAMS #13787",auto_fuzzy,auto_exact,32.56408745,-83.66998670000001,0,,,
GPC_20464,Georgia Power,GA,GPC,202.0,NORCROSS 230KV BUS 1-3 SERIES BUS TIE BREAKER INSTALLATION,NORCROSS,33.9325571,-84.2134303,,,,2025-06-01,Planned,auto_exact,20464,"Georgia Power 2025 IRP Vol. 3, Table 2 (GA ITS 10 Year Plan), TEAMS #20464",auto_exact,,33.9325571,-84.2134303,0,,,
GPC_19631,Georgia Power,GA,GPC,216.0,PINE GROVE PRIMARY 115 KV DUAL STAGE CAPACITOR BANK,PINE GROVE PRIMARY,30.8816485,-83.2279869,,,,2025-06-01,Planned,auto_exact,19631,"Georgia Power 2025 IRP Vol. 3, Table 2 (GA ITS 10 Year Plan), TEAMS #19631",auto_exact,,30.8816485,-83.2279869,0,,,
GPC_20067,Georgia Power,GA,SAV,219.0,SAV: DEPTFORD - MAGNOLIA 115KV RECONDUCTOR,DEPTFORD,32.0668279,-81.0483845,MAGNOLIA,32.0226869,-81.0861807,2025-06-01,Planned,auto_exact,20067,"Georgia Power 2025 IRP Vol. 3, Table 2 (GA ITS 10 Year Plan), TEAMS #20067",auto_exact,auto_exact,32.044757399999995,-81.0672826,2,DESC_10,DESC_23,
GPC_20466,Georgia Power,GA,GPC,214.0,SMART VALVE INSTALLATION,SMART VALVE,,,,,,2025-06-01,Planned,not_found,20466,"Georgia Power 2025 IRP Vol. 3, Table 2 (GA ITS 10 Year Plan), TEAMS #20466",not_found,,,,0,,,
GPC_21046,Georgia Power,GA,GPC,218.0,THALMANN AND COLERAIN 23O KV LINE RELAY PANEL UPGRADES,THALMANN AND COLERAIN 23O KV LINE RELAY PANEL,,,,,,2025-06-01,Planned,not_found,21046,"Georgia Power 2025 IRP Vol. 3, Table 2 (GA ITS 10 Year Plan), TEAMS #21046",not_found,,,,0,,,
GPC_20431,Georgia Power,GA,GPC,211.0,VILLA RICA LOW SIDE BREAKER,VILLA RICA,33.7410224,-84.8548652,,,,2025-06-01,Planned,auto_exact,20431,"Georgia Power 2025 IRP Vol. 3, Table 2 (GA ITS 10 Year Plan), TEAMS #20431",auto_exact,,33.7410224,-84.8548652,0,,,
GPC_20684,Georgia Power,GA,GPC,218.0,CAMDEN INDUSTRIAL PARK (GPC),CAMDEN INDUSTRIAL PARK,,,,,,2025-06-01,Planned,not_found,20684,"Georgia Power 2025 IRP Vol. 3, Table 2 (GA ITS 10 Year Plan), TEAMS #20684",not_found,,,,0,,,
GPC_18774,Georgia ITS (GTC),GA,GTC,213.0,GTC: HEARD COUNTY - TENASKA 500KV (SECOND LINE),HEARD COUNTY,33.358678,-84.9942221,TENASKA,,,2025-12-01,Planned,auto_exact_partial,18774,"Georgia Power 2025 IRP Vol. 3, Table 2 (GA ITS 10 Year Plan), TEAMS #18774",auto_exact,not_found,33.358678,-84.9942221,0,,,
GPC_18889,Georgia Power,GA,GPC,206.0,JEFFERSON STREET#3 - NORTHWEST (WHITE) 115 KV RECONDUCTOR,JEFFERSON STREET#3,,,NORTHWEST (WHITE),,,2025-12-01,Planned,not_found,18889,"Georgia Power 2025 IRP Vol. 3, Table 2 (GA ITS 10 Year Plan), TEAMS #18889",not_found,not_found,,,0,,,
GPC_20326,Georgia Power,GA,GPC,212.0,ANTHONY SHOALS STATCOM SYSTEM,ANTHONY SHOALS,34.0018324,-82.6362788,,,,2025-12-31,Planned,auto_exact,20326,"Georgia Power 2025 IRP Vol. 3, Table 2 (GA ITS 10 Year Plan), TEAMS #20326",auto_exact,,34.0018324,-82.6362788,0,,,
GPC_20152,Georgia Power,GA,GPC,211.0,CC - CASS PINE- HILL VIEW 230 KV LINE- CC IMPROVEMENTS,CASS PINE,,,HILL VIEW,,,2025-12-31,Planned,not_found,20152,"Georgia Power 2025 IRP Vol. 3, Table 2 (GA ITS 10 Year Plan), TEAMS #20152",not_found,not_found,,,0,,,
GPC_20175,Georgia Power,GA,GPC,211.0,CC - PROJECT CHRONOS- SK/HYUNDAI,PROJECT CHRONOS,,,SK/HYUNDAI,,,2025-12-31,Planned,not_found,20175,"Georgia Power 2025 IRP Vol. 3, Table 2 (GA ITS 10 Year Plan), TEAMS #20175",not_found,not_found,,,0,,,
GPC_20010,Georgia ITS (GTC),GA,GTC,215.0,GTC: ANTHONY SHOALS - WASHINGTON 115 KV LINE REBUILD,ANTHONY SHOALS,34.0018324,-82.6362788,WASHINGTON,33.731504,-82.7512848,2025-12-31,Planned,auto_ambiguous,20010,"Georgia Power 2025 IRP Vol. 3, Table 2 (GA ITS 10 Year Plan), TEAMS #20010",auto_exact,auto_ambiguous,33.8666682,-82.6937818,0,,,
GPC_17075,Georgia Power,GA,SAV,219.0,SAV: LITTLE OGEECHEE 230- 115KV: RELAY MODERNIZATION,LITTLE OGEECHEE,32.0067859,-81.2531513,,,,2025-12-31,Planned,auto_exact,17075,"Georgia Power 2025 IRP Vol. 3, Table 2 (GA ITS 10 Year Plan), TEAMS #17075",auto_exact,,32.0067859,-81.2531513,0,,,
GPC_18691,Georgia ITS (GTC),GA,GTC,216.0,GTC: LIZARD LOPE - WESTOVER 115 KV NEW LINE,LIZARD LOPE,,,WESTOVER,,,2026-03-01,Planned,not_found,18691,"Georgia Power 2025 IRP Vol. 3, Table 2 (GA ITS 10 Year Plan), TEAMS #18691",not_found,not_found,,,0,,,
GPC_20018,Georgia Power,GA,GPC,208.0,CC - QTS FAYETTEVILLE TRANSMISSION NEEDS,QTS FAYETTEVILLE,,,,,,2026-04-01,Planned,not_found,20018,"Georgia Power 2025 IRP Vol. 3, Table 2 (GA ITS 10 Year Plan), TEAMS #20018",not_found,,,,0,,,
GPC_19597,Georgia Power,GA,GPC,208.0,ADAMSVILLE - BUZZARD ROOST 230KV REBUILD AND JUMPER UPGRADE,ADAMSVILLE,,,BUZZARD ROOST,,,2026-06-01,Planned,not_found,19597,"Georgia Power 2025 IRP Vol. 3, Table 2 (GA ITS 10 Year Plan), TEAMS #19597",not_found,not_found,,,0,,,
GPC_18960,Georgia Power,GA,GPC,201.0,BLANKETS CREEK – WOODSTOCK 115KV LINE REBUILD,BLANKETS CREEK,34.1857567,-84.5080123,WOODSTOCK,34.0852701,-84.5134557,2026-06-01,Planned,auto_exact,18960,"Georgia Power 2025 IRP Vol. 3, Table 2 (GA ITS 10 Year Plan), TEAMS #18960",auto_exact,auto_exact,34.1355134,-84.510734,0,,,
GPC_20243,Georgia Power,GA,GPC,201.0,CC - GARRETT ROAD SWITCHING STATION - TRAE LANE,GARRETT ROAD SWITCHING STATION,,,TRAE LANE,,,2026-06-01,Planned,not_found,20243,"Georgia Power 2025 IRP Vol. 3, Table 2 (GA ITS 10 Year Plan), TEAMS #20243",not_found,not_found,,,0,,,
GPC_20216,Georgia Power,GA,GPC,208.0,CC - STONEWALL TELL ROAD (TA REALTY),STONEWALL TELL ROAD (TA REALTY),,,,,,2026-06-01,Planned,not_found,20216,"Georgia Power 2025 IRP Vol. 3, Table 2 (GA ITS 10 Year Plan), TEAMS #20216",not_found,,,,0,,,
GPC_18679,Georgia ITS (DU),GA,DU,211.0,DU: EAST DALTON - OOSTANAULA 115KV REBUILD,EAST DALTON,,,OOSTANAULA,,,2026-06-01,Planned,not_found,18679,"Georgia Power 2025 IRP Vol. 3, Table 2 (GA ITS 10 Year Plan), TEAMS #18679",not_found,not_found,,,0,,,
GPC_20491,Georgia Power,GA,GPC,208.0,EAST POINT RELAY MODERNIZATION,EAST POINT,33.6763499,-84.4629659,,,,2026-06-01,Planned,auto_exact,20491,"Georgia Power 2025 IRP Vol. 3, Table 2 (GA ITS 10 Year Plan), TEAMS #20491",auto_exact,,33.6763499,-84.4629659,0,,,
GPC_16007,Georgia Power,GA,GPC,215.0,FENWICK STREET - SAND BAR FERRY 115KV (RECONDUCTOR/REBUILD),FENWICK STREET,,,SAND BAR FERRY,,,2026-06-01,Planned,not_found,16007,"Georgia Power 2025 IRP Vol. 3, Table 2 (GA ITS 10 Year Plan), TEAMS #16007",not_found,not_found,,,0,,,
GPC_20516,Georgia Power,GA,GPC,213.0,"GOAT ROCK 230KV SWITCH, JUMPER, & LINE TRAP REPLACEMENT",GOAT ROCK,,,,,,2026-06-01,Planned,not_found,20516,"Georgia Power 2025 IRP Vol. 3, Table 2 (GA ITS 10 Year Plan), TEAMS #20516",not_found,,,,0,,,
GPC_19618,Georgia Power,GA,GPC,214.0,GORDON-N DUBLIN 115KV (GORDON-ENGL MCI J) REBUILD,GORDON,32.8824706,-83.3169141,N DUBLIN,,,2026-06-01,Planned,auto_exact_partial,19618,"Georgia Power 2025 IRP Vol. 3, Table 2 (GA ITS 10 Year Plan), TEAMS #19618",auto_exact,not_found,32.8824706,-83.3169141,0,,,
GPC_21139,Georgia Power,GA,GPC,206.0,GRADY - MORROW (WHITE) 115KV REBUILD,GRADY,32.9953281,-83.5635642,MORROW (WHITE),33.605931,-84.3334617,2026-06-01,Planned,auto_fuzzy,21139,"Georgia Power 2025 IRP Vol. 3, Table 2 (GA ITS 10 Year Plan), TEAMS #21139",auto_fuzzy,auto_exact,33.30062955,-83.94851295000001,0,,,
GPC_20474,Georgia Power,GA,GPC,206.0,GRADY 230/115KV RELAY MODERNIZATION,GRADY,32.9953281,-83.5635642,,,,2026-06-01,Planned,auto_fuzzy,20474,"Georgia Power 2025 IRP Vol. 3, Table 2 (GA ITS 10 Year Plan), TEAMS #20474",auto_fuzzy,,32.9953281,-83.5635642,0,,,
GPC_19706,Georgia Power,GA,GPC,212.0,GRID - GAINESVILLE #2 EQUIPMENT REPLACEMENT,GAINESVILLE #2 EQUIPMENT,,,,,,2026-06-01,Planned,not_found,19706,"Georgia Power 2025 IRP Vol. 3, Table 2 (GA ITS 10 Year Plan), TEAMS #19706",not_found,,,,0,,,
GPC_21137,Georgia ITS (GTC),GA,GTC,206.0,GTC: CONYERS - CORNISH MOUNTAIN 115KV LINE UPGRADE,CONYERS,,,CORNISH MOUNTAIN,,,2026-06-01,Planned,not_found,21137,"Georgia Power 2025 IRP Vol. 3, Table 2 (GA ITS 10 Year Plan), TEAMS #21137",not_found,not_found,,,0,,,
GPC_19334,Georgia ITS (GTC),GA,GTC,213.0,GTC: LAGRANGE - NORTH OPELIKA 230 KV,LAGRANGE,33.0241058,-85.0156804,NORTH OPELIKA,,,2026-06-01,Planned,auto_exact_partial,19334,"Georgia Power 2025 IRP Vol. 3, Table 2 (GA ITS 10 Year Plan), TEAMS #19334",auto_exact,not_found,33.0241058,-85.0156804,0,,,
GPC_20015,Georgia ITS (GTC),GA,GTC,212.0,GTC: MORNING HORNET 2ND 230/115 KV BANK & THUMBS UP 115KV TL,MORNING HORNET 2ND,,,,,,2026-06-01,Planned,not_found,20015,"Georgia Power 2025 IRP Vol. 3, Table 2 (GA ITS 10 Year Plan), TEAMS #20015",not_found,,,,0,,,
GPC_19999,Georgia ITS (GTC),GA,GTC,214.0,GTC: ROBINS SPRING BUS REPLACEMENT,ROBINS SPRING BUS,,,,,,2026-06-01,Planned,not_found,19999,"Georgia Power 2025 IRP Vol. 3, Table 2 (GA ITS 10 Year Plan), TEAMS #19999",not_found,,,,0,,,
GPC_20001,Georgia ITS (GTC),GA,GTC,214.0,GTC: ROBINS SPRING CAPACITOR BANK INSTALLATION,ROBINS SPRING,33.0054267,-82.8797626,,,,2026-06-01,Planned,auto_exact,20001,"Georgia Power 2025 IRP Vol. 3, Table 2 (GA ITS 10 Year Plan), TEAMS #20001",auto_exact,,33.0054267,-82.8797626,0,,,
GPC_19636,Georgia Power,GA,GPC,211.0,HAMMOND - WEISS DAM 115KV LINE REBUILD,HAMMOND,34.2512064,-85.34558,WEISS DAM,,,2026-06-01,Planned,auto_fuzzy_partial,19636,"Georgia Power 2025 IRP Vol. 3, Table 2 (GA ITS 10 Year Plan), TEAMS #19636",auto_fuzzy,not_found,34.2512064,-85.34558,0,,,
GPC_20512,Georgia Power,GA,GPC,214.0,KATHLEEN AREA IMPROVEMENTS,KATHLEEN,,,,,,2026-06-01,Planned,not_found,20512,"Georgia Power 2025 IRP Vol. 3, Table 2 (GA ITS 10 Year Plan), TEAMS #20512",not_found,,,,0,,,
GPC_20490,Georgia Power,GA,GPC,206.0,KLONDIKE RELAY MODERNIZATION,KLONDIKE,33.6369768,-84.124487,,,,2026-06-01,Planned,auto_exact,20490,"Georgia Power 2025 IRP Vol. 3, Table 2 (GA ITS 10 Year Plan), TEAMS #20490",auto_exact,,33.6369768,-84.124487,0,,,
GPC_19598,Georgia ITS (MEAG),GA,MEAG,213.0,MEAG: DRESDEN - LAGRANGE PRIMARY 230KV UPGRADE & JUMPERS,DRESDEN,33.3511155,-84.9059539,LAGRANGE PRIMARY,33.0241058,-85.0156804,2026-06-01,Planned,auto_exact,19598,"Georgia Power 2025 IRP Vol. 3, Table 2 (GA ITS 10 Year Plan), TEAMS #19598",auto_exact,auto_exact,33.187610649999996,-84.96081715,0,,,
GPC_20270,Georgia ITS (MEAG),GA,MEAG,215.0,MEAG: RAY PLACE RD - WASHINGTON #3,RAY PLACE RD,33.4682585,-82.8197717,WASHINGTON #3,33.7065043,-82.7531958,2026-06-01,Planned,auto_fuzzy,20270,"Georgia Power 2025 IRP Vol. 3, Table 2 (GA ITS 10 Year Plan), TEAMS #20270",auto_fuzzy,auto_fuzzy,33.5873814,-82.78648375,0,,,
GPC_20271,Georgia ITS (MEAG),GA,MEAG,215.0,MEAG: RAY PLACE RD - WASHINGTON (WASHINGTON - WASHINGTON 3),RAY PLACE RD,33.4682585,-82.8197717,WASHINGTON (WASHINGTON,,,2026-06-01,Planned,auto_fuzzy_partial,20271,"Georgia Power 2025 IRP Vol. 3, Table 2 (GA ITS 10 Year Plan), TEAMS #20271",auto_fuzzy,not_found,33.4682585,-82.8197717,0,,,
GPC_20300,Georgia Power,GA,GPC,208.0,MORROW 115KV RELAY UPGRADE,MORROW,33.605931,-84.3334617,,,,2026-06-01,Planned,auto_exact,20300,"Georgia Power 2025 IRP Vol. 3, Table 2 (GA ITS 10 Year Plan), TEAMS #20300",auto_exact,,33.605931,-84.3334617,0,,,
GPC_18690,Georgia Power,GA,GPC,216.0,PALMYRA REACTOR REMOVAL,PALMYRA REACTOR REMOVAL,,,,,,2026-06-01,Planned,not_found,18690,"Georgia Power 2025 IRP Vol. 3, Table 2 (GA ITS 10 Year Plan), TEAMS #18690",not_found,,,,0,,,
GPC_20066,Georgia Power,GA,SAV,219.0,SAV: BOULEVARD - DEPTFORD 115KV RECONDUCTOR,BOULEVARD,32.0412308,-81.1444637,DEPTFORD,32.0668279,-81.0483845,2026-06-01,Planned,auto_exact,20066,"Georgia Power 2025 IRP Vol. 3, Table 2 (GA ITS 10 Year Plan), TEAMS #20066",auto_exact,auto_exact,32.05402935,-81.09642410000001,2,DESC_10,DESC_23,
GPC_19966,Georgia Power,GA,SAV,219.0,SAV: CC - BIG OGEECHEE 500/230KV (CC NETWORK IMPROVEMENTS),BIG OGEECHEE,,,,,,2026-06-01,Planned,not_found,19966,"Georgia Power 2025 IRP Vol. 3, Table 2 (GA ITS 10 Year Plan), TEAMS #19966",not_found,,,,0,,,
GPC_20277,Georgia Power,GA,SAV,219.0,SAV: MCINTOSH - PURRYSBURG 230KV REACTORS,MCINTOSH,32.352116,-81.175112,PURRYSBURG,,,2026-06-01,Planned,sponsor_verified,20277,"Georgia Power 2025 IRP Vol. 3, Table 2 (GA ITS 10 Year Plan), TEAMS #20277",,,32.352116,-81.175112,2,DESC_23,DESC_10,
GPC_20489,Georgia Power,GA,GPC,206.0,SCOTTDALE RELAY MODERNIZATION,SCOTTDALE,,,,,,2026-06-01,Planned,not_found,20489,"Georgia Power 2025 IRP Vol. 3, Table 2 (GA ITS 10 Year Plan), TEAMS #20489",not_found,,,,0,,,
GPC_17900,Georgia Power,GA,GPC,208.0,UNION CITY - YATES 230 KV WHITE LINE REBUILD,UNION CITY,,,YATES,33.4576339,-84.8969584,2026-04-01,Planned,auto_exact_partial,17900,"Georgia Power 2025 IRP Vol. 3, Table 2 (GA ITS 10 Year Plan), TEAMS #17900",not_found,auto_exact,33.4576339,-84.8969584,0,,,
GPC_20691,Georgia Power,GA,GPC,208.0,UNION CITY - YATES 230KV (WHITE) SWITCH AND TRAP REPLACEMENT,UNION CITY,,,YATES,33.4576339,-84.8969584,2026-06-01,Planned,auto_exact_partial,20691,"Georgia Power 2025 IRP Vol. 3, Table 2 (GA ITS 10 Year Plan), TEAMS #20691",not_found,auto_exact,33.4576339,-84.8969584,0,,,
GPC_20223,Georgia Power,GA,GPC,216.0,CC - PROJECT PAYTON BAINBRIDGE,PROJECT PAYTON BAINBRIDGE,,,,,,2026-06-30,Planned,not_found,20223,"Georgia Power 2025 IRP Vol. 3, Table 2 (GA ITS 10 Year Plan), TEAMS #20223",not_found,,,,0,,,
GPC_21022,Georgia Power,GA,GPC,208.0,OHARA BREAKER REPLACEMENT,OHARA BREAKER,,,,,,2026-10-01,Planned,not_found,21022,"Georgia Power 2025 IRP Vol. 3, Table 2 (GA ITS 10 Year Plan), TEAMS #21022",not_found,,,,0,,,
GPC_20668,Georgia Power,GA,GPC,208.0,DRESDEN LINE PROTECTIVE RELAYING,DRESDEN LINE PROTECTIVE RELAYING,,,,,,2026-12-01,Planned,not_found,20668,"Georgia Power 2025 IRP Vol. 3, Table 2 (GA ITS 10 Year Plan), TEAMS #20668",not_found,,,,0,,,
GPC_20874,Georgia ITS (GTC),GA,GTC,213.0,GTC: BARNESVILLE PRIMARY- BARNESVILLE #1 115KV RECONDUCTOR,BARNESVILLE PRIMARY,33.0320694,-84.2012582,BARNESVILLE #1,33.0555442,-84.1529696,2026-12-01,Planned,auto_exact,20874,"Georgia Power 2025 IRP Vol. 3, Table 2 (GA ITS 10 Year Plan), TEAMS #20874",auto_exact,auto_exact,33.0438068,-84.1771139,0,,,
GPC_20273,Georgia ITS (GTC),GA,GTC,208.0,GTC: DRESDEN 500KV BUS EXPANSION,DRESDEN,33.3511155,-84.9059539,,,,2026-12-01,Planned,auto_exact,20273,"Georgia Power 2025 IRP Vol. 3, Table 2 (GA ITS 10 Year Plan), TEAMS #20273",auto_exact,,33.3511155,-84.9059539,0,,,
GPC_20002,Georgia ITS (GTC),GA,GTC,214.0,GTC: GORDON - SANDERSVILLE #1 115KV LINE REBUILD,GORDON,32.8824706,-83.3169141,SANDERSVILLE #1,32.9984771,-82.801938,2026-12-01,Planned,auto_exact,20002,"Georgia Power 2025 IRP Vol. 3, Table 2 (GA ITS 10 Year Plan), TEAMS #20002",auto_exact,auto_exact,32.940473850000004,-83.05942605000001,0,,,
GPC_20151,Georgia Power,GA,GPC,211.0,CC - CASS PINE 230/25 NEW SUB - QCELLS - CC IMPROVEMENTS,CASS PINE 230/25 NEW,,,QCELLS,,,2026-12-31,Planned,not_found,20151,"Georgia Power 2025 IRP Vol. 3, Table 2 (GA ITS 10 Year Plan), TEAMS #20151",not_found,not_found,,,0,,,
GPC_19287,Georgia Power,GA,GPC,206.0,GRADY-WEST END 115KV REBUILD,GRADY,32.9953281,-83.5635642,WEST END,,,2026-12-31,Planned,auto_fuzzy_partial,19287,"Georgia Power 2025 IRP Vol. 3, Table 2 (GA ITS 10 Year Plan), TEAMS #19287",auto_fuzzy,not_found,32.9953281,-83.5635642,0,,,
GPC_19363,Georgia Power,GA,GPC,208.0,MORROW - MOUNTAIN VIEW 115 KV REBUILD,MORROW,33.605931,-84.3334617,MOUNTAIN VIEW,,,2026-12-31,Planned,auto_exact_partial,19363,"Georgia Power 2025 IRP Vol. 3, Table 2 (GA ITS 10 Year Plan), TEAMS #19363",auto_exact,not_found,33.605931,-84.3334617,0,,,
GPC_18832,Georgia ITS (MEAG),GA,MEAG,213.0,MEAG: FORTSON 230KV SUBSTATION MODERNIZATION,FORTSON,32.6101653,-84.9156341,,,,2027-01-13,Planned,auto_exact,18832,"Georgia Power 2025 IRP Vol. 3, Table 2 (GA ITS 10 Year Plan), TEAMS #18832",auto_exact,,32.6101653,-84.9156341,0,,,
GPC_20509,Georgia Power,GA,GPC,201.0,CC - EMBLEM RIVERSIDE CUSTOMER SUB (FLEXENTIAL),EMBLEM RIVERSIDE CUSTOMER,,,,,,2027-03-01,Planned,not_found,20509,"Georgia Power 2025 IRP Vol. 3, Table 2 (GA ITS 10 Year Plan), TEAMS #20509",not_found,,,,0,,,
GPC_19635,Georgia ITS (GTC),GA,GTC,211.0,GTC: HICKORY LEVEL - VILLA RICA 230KV LINE RECONDUCTOR,HICKORY LEVEL,,,VILLA RICA,33.7410224,-84.8548652,2027-05-01,Planned,auto_exact_partial,19635,"Georgia Power 2025 IRP Vol. 3, Table 2 (GA ITS 10 Year Plan), TEAMS #19635",not_found,auto_exact,33.7410224,-84.8548652,0,,,
GPC_19601,Georgia Power,GA,GPC,208.0,MORROW - YATES COMMON 115KV LINE UPGRADE,MORROW,33.605931,-84.3334617,YATES COMMON,33.4616412,-84.9041978,2027-05-01,Planned,auto_exact,19601,"Georgia Power 2025 IRP Vol. 3, Table 2 (GA ITS 10 Year Plan), TEAMS #19601",auto_exact,auto_exact,33.5337861,-84.61882975,0,,,
GPC_15879,Georgia Power,GA,GPC,211.0,POSSUM BRANCH - YATES COMMON 115KV REBUILD (YATES TO CLEM),POSSUM BRANCH,,,YATES COMMON,33.4616412,-84.9041978,2027-05-01,Planned,auto_exact_partial,15879,"Georgia Power 2025 IRP Vol. 3, Table 2 (GA ITS 10 Year Plan), TEAMS #15879",not_found,auto_exact,33.4616412,-84.9041978,0,,,
GPC_20771,Georgia Power,GA,GPC,208.0,CC - GULLATT ROAD TRANSMISSION IMPROVEMENTS,GULLATT ROAD TRANSMISSION IMPROVEMENTS,,,,,,2027-06-01,Planned,not_found,20771,"Georgia Power 2025 IRP Vol. 3, Table 2 (GA ITS 10 Year Plan), TEAMS #20771",not_found,,,,0,,,
GPC_18736,Georgia Power,GA,GPC,208.0,CC - MICROSOFT - SHUGART (CCO06),MICROSOFT,,,SHUGART (CCO06),,,2027-06-01,Planned,not_found,18736,"Georgia Power 2025 IRP Vol. 3, Table 2 (GA ITS 10 Year Plan), TEAMS #18736",not_found,not_found,,,0,,,
GPC_20781,Georgia Power,GA,GPC,201.0,CC - SUMMER LAKE - VILLA RICA 230KV REBUILD (CC IMPROVMNT),SUMMER LAKE,,,VILLA RICA,33.7410224,-84.8548652,2027-06-01,Planned,auto_exact_partial,20781,"Georgia Power 2025 IRP Vol. 3, Table 2 (GA ITS 10 Year Plan), TEAMS #20781",not_found,auto_exact,33.7410224,-84.8548652,0,,,
GPC_20736,Georgia Power,GA,GPC,208.0,CC - TA REALTY ELLENWOOD NETWORK IMPROVEMENTS,TA REALTY ELLENWOOD,,,,,,2027-06-01,Planned,not_found,20736,"Georgia Power 2025 IRP Vol. 3, Table 2 (GA ITS 10 Year Plan), TEAMS #20736",not_found,,,,0,,,
GPC_20234,Georgia Power,GA,GPC,212.0,DOYLE - LG&E MONROE 230KV - JACKS CREEK LOOP IN,DOYLE,33.8379245,-83.698786,LG&E MONROE,,,2027-06-01,Planned,auto_exact_partial,20234,"Georgia Power 2025 IRP Vol. 3, Table 2 (GA ITS 10 Year Plan), TEAMS #20234",auto_exact,not_found,33.8379245,-83.698786,0,,,
GPC_20858,Georgia ITS (GTC),GA,GTC,201.0,GTC: ADAMSVILLE - BUZZARD ROOST 230KV REBUILD,ADAMSVILLE,,,BUZZARD ROOST,,,2027-06-01,Planned,not_found,20858,"Georgia Power 2025 IRP Vol. 3, Table 2 (GA ITS 10 Year Plan), TEAMS #20858",not_found,not_found,,,0,,,
GPC_20776,Georgia ITS (GTC),GA,GTC,201.0,GTC: DOUGLASVILLE - VILLA RICA 230KV REBUILD (CC IMPROVEMENT),DOUGLASVILLE,,,VILLA RICA,33.7410224,-84.8548652,2027-06-01,Planned,auto_exact_partial,20776,"Georgia Power 2025 IRP Vol. 3, Table 2 (GA ITS 10 Year Plan), TEAMS #20776",not_found,auto_exact,33.7410224,-84.8548652,0,,,
GPC_20778,Georgia ITS (GTC),GA,GTC,212.0,GTC: DOYLE - WINDER PRIMARY 230KV LINE JUMPER REPLACEMENT,DOYLE,33.8379245,-83.698786,WINDER PRIMARY,33.9954594,-83.7531307,2027-06-01,Planned,auto_ambiguous,20778,"Georgia Power 2025 IRP Vol. 3, Table 2 (GA ITS 10 Year Plan), TEAMS #20778",auto_exact,auto_ambiguous,33.91669195,-83.72595835,0,,,
GPC_19358,Georgia ITS (GTC),GA,GTC,216.0,GTC: EAST MOULTRIE - HIGHWAY 112 230 KV LINE,EAST MOULTRIE,31.2421775,-83.7434741,HIGHWAY,,,2027-06-01,Planned,auto_exact_partial,19358,"Georgia Power 2025 IRP Vol. 3, Table 2 (GA ITS 10 Year Plan), TEAMS #19358",auto_exact,not_found,31.2421775,-83.7434741,0,,,
GPC_09662,Georgia ITS (GTC),GA,GTC,212.0,GTC: EAST WALTON 500/230KV PROJECT,EAST WALTON,,,,,,2027-06-01,Planned,not_found,09662,"Georgia Power 2025 IRP Vol. 3, Table 2 (GA ITS 10 Year Plan), TEAMS #09662",not_found,,,,0,,,
GPC_20505,Georgia ITS (GTC),GA,GTC,201.0,GTC: GARRETT RD - V. RICA 230KV LINE RECONDUCTOR (CC NET IM),GARRETT RD,,,V. RICA,,,2027-06-01,Planned,not_found,20505,"Georgia Power 2025 IRP Vol. 3, Table 2 (GA ITS 10 Year Plan), TEAMS #20505",not_found,not_found,,,0,,,
GPC_19622,Georgia ITS (GTC),GA,GTC,214.0,GTC: RIDDLEVILLE BUS REPLACEMENT,RIDDLEVILLE BUS,,,,,,2027-06-01,Planned,not_found,19622,"Georgia Power 2025 IRP Vol. 3, Table 2 (GA ITS 10 Year Plan), TEAMS #19622",not_found,,,,0,,,
GPC_19606,Georgia ITS (GTC),GA,GTC,206.0,GTC: SKC 115KV BUS AND JUMPER REPLACEMENT,SKC,,,,,,2027-06-01,Planned,not_found,19606,"Georgia Power 2025 IRP Vol. 3, Table 2 (GA ITS 10 Year Plan), TEAMS #19606",not_found,,,,0,,,
GPC_20020,Georgia ITS (GTC),GA,GTC,214.0,GTC: SOUTH HAZLEHURST - NEW LACY 230KV LINE,SOUTH HAZLEHURST,31.8106914,-82.5666923,NEW LACY,,,2027-06-01,Planned,auto_exact_partial,20020,"Georgia Power 2025 IRP Vol. 3, Table 2 (GA ITS 10 Year Plan), TEAMS #20020",auto_exact,not_found,31.8106914,-82.5666923,0,,,
GPC_20506,Georgia ITS (GTC),GA,GTC,201.0,GTC: SWITCH WAY - THORNTON ROAD 230KV LINE REBUILD,SWITCH WAY,,,THORNTON ROAD,,,2027-06-01,Planned,not_found,20506,"Georgia Power 2025 IRP Vol. 3, Table 2 (GA ITS 10 Year Plan), TEAMS #20506",not_found,not_found,,,0,,,
GPC_18668,Georgia Power,GA,GPC,218.0,JESUP - OFFERMAN 115KV REBUILD,JESUP,31.6031063,-81.9249474,OFFERMAN,31.4230725,-82.1436621,2027-06-01,Planned,auto_exact,18668,"Georgia Power 2025 IRP Vol. 3, Table 2 (GA ITS 10 Year Plan), TEAMS #18668",auto_exact,auto_exact,31.5130894,-82.03430474999999,0,,,
GPC_10143,Georgia Power,GA,GPC,202.0,LAWRENCEVILLE - WINDER 115KV LINE REBUILD,LAWRENCEVILLE,33.985981,-84.0007988,WINDER,33.9954594,-83.7531307,2027-06-01,Planned,auto_ambiguous,10143,"Georgia Power 2025 IRP Vol. 3, Table 2 (GA ITS 10 Year Plan), TEAMS #10143",auto_exact,auto_ambiguous,33.9907202,-83.87696475,0,,,
GPC_10481,Georgia Power,GA,GPC,202.0,LAWRENCEVILLE - WINDER PRIMARY 230KV LINE REBUILD,LAWRENCEVILLE,33.985981,-84.0007988,WINDER PRIMARY,33.9954594,-83.7531307,2027-06-01,Planned,auto_ambiguous,10481,"Georgia Power 2025 IRP Vol. 3, Table 2 (GA ITS 10 Year Plan), TEAMS #10481",auto_exact,auto_ambiguous,33.9907202,-83.87696475,0,,,
GPC_20264,Georgia ITS (MEAG),GA,MEAG,215.0,MEAG: RAY PLACE RD - WARRENTON PRIMARY,RAY PLACE RD,33.4682585,-82.8197717,WARRENTON PRIMARY,33.3805007,-82.687296,2027-06-01,Planned,auto_ambiguous,20264,"Georgia Power 2025 IRP Vol. 3, Table 2 (GA ITS 10 Year Plan), TEAMS #20264",auto_fuzzy,auto_ambiguous,33.424379599999995,-82.75353385,0,,,
GPC_19248,Georgia Power,GA,GPC,214.0,SANDERSVILLE #1 - WADLEY PRI. 115KV REBUILD/RECONDUCTOR,SANDERSVILLE #1,32.9984771,-82.801938,WADLEY PRI.,,,2027-06-01,Planned,auto_exact_partial,19248,"Georgia Power 2025 IRP Vol. 3, Table 2 (GA ITS 10 Year Plan), TEAMS #19248",auto_exact,not_found,32.9984771,-82.801938,0,,,
GPC_20785,Georgia Power,GA,SAV,219.0,SAV: GOSHEN (SAV) - KRAFT 115KV LINE REBUILD,GOSHEN,33.3197599,-81.9953118,KRAFT,,,2027-06-01,Planned,auto_ambiguous_partial,20785,"Georgia Power 2025 IRP Vol. 3, Table 2 (GA ITS 10 Year Plan), TEAMS #20785",auto_ambiguous,not_found,33.3197599,-81.9953118,3,DESC_43,DESC_35,DESC_14
GPC_20065,Georgia Power,GA,SAV,219.0,SAV: GOSHEN (SAV) - MCINTOSH 115KV LINE REBUILD,GOSHEN,32.248701,-81.209472,MCINTOSH,32.352116,-81.182105,2027-06-01,Planned,sponsor_verified,20065,"Georgia Power 2025 IRP Vol. 3, Table 2 (GA ITS 10 Year Plan), TEAMS #20065",,,32.3004085,-81.1957885,2,DESC_23,DESC_10,
GPC_20717,Georgia Power,GA,GPC,208.0,CC - TOMOCHICHI 500/230KV SOLUTION (CC NETWORK IMPROVEMENTS),TOMOCHICHI,,,,,,2027-07-15,Planned,not_found,20717,"Georgia Power 2025 IRP Vol. 3, Table 2 (GA ITS 10 Year Plan), TEAMS #20717",not_found,,,,0,,,
GPC_18573,Georgia Power,GA,GPC,214.0,GRID - ARKWRIGHT - LLOYD SHOALS 115KV,ARKWRIGHT,32.9272219,-83.698878,LLOYD SHOALS,33.3206142,-83.8410088,2027-07-30,Planned,auto_fuzzy,18573,"Georgia Power 2025 IRP Vol. 3, Table 2 (GA ITS 10 Year Plan), TEAMS #18573",auto_fuzzy,auto_exact,33.12391805,-83.76994339999999,0,,,
GPC_20591,Georgia ITS (GTC),GA,GTC,214.0,GTC: EATONTON PRIMARY (035591) - LICK CREEK 115KV REBUILD,EATONTON PRIMARY (035591),33.3044809,-83.4025186,LICK CREEK,,,2027-12-01,Planned,auto_exact_partial,20591,"Georgia Power 2025 IRP Vol. 3, Table 2 (GA ITS 10 Year Plan), TEAMS #20591",auto_exact,not_found,33.3044809,-83.4025186,0,,,
GPC_17977,Georgia Power,GA,GPC,212.0,ATHENA - EAST WATKINSVILLE 115 KV (REBUILD),ATHENA,33.9764031,-83.3461189,EAST WATKINSVILLE,33.8605463,-83.3847649,2027-12-31,Planned,auto_exact,17977,"Georgia Power 2025 IRP Vol. 3, Table 2 (GA ITS 10 Year Plan), TEAMS #17977",auto_exact,auto_exact,33.918474700000004,-83.3654419,0,,,
GPC_20150,Georgia Power,GA,GPC,211.0,CC - HILL VIEW & GRASSY HOLLOW SUB - CC IMPROVEMENTS,HILL VIEW & GRASSY HOLLOW,,,CC IMPROVEMENTS,,,2027-12-31,Planned,not_found,20150,"Georgia Power 2025 IRP Vol. 3, Table 2 (GA ITS 10 Year Plan), TEAMS #20150",not_found,not_found,,,0,,,
GPC_20024,Georgia Power,GA,GPC,211.0,DYER ROAD - EAST ROANOKE 115KV (REBUILD),DYER ROAD,,,EAST ROANOKE,,,2027-12-31,Planned,not_found,20024,"Georgia Power 2025 IRP Vol. 3, Table 2 (GA ITS 10 Year Plan), TEAMS #20024",not_found,not_found,,,0,,,
GPC_19997,Georgia Power,GA,GPC,214.0,AULTMAN ROAD-PERRY 115KV LINE REBUILD,AULTMAN ROAD,32.56338,-83.7399508,PERRY,32.4553814,-83.7020208,2028-06-01,Planned,auto_fuzzy,19997,"Georgia Power 2025 IRP Vol. 3, Table 2 (GA ITS 10 Year Plan), TEAMS #19997",auto_fuzzy,auto_exact,32.5093807,-83.7209858,0,,,
GPC_20797,Georgia Power,GA,GPC,201.0,CC - EAST VILLA RICA AREA SWITCHING STATION (CC IMPROVEMENT),EAST VILLA RICA AREA SWITCHING STATION (CC IMPROVEMENT),,,,,,2028-06-01,Planned,not_found,20797,"Georgia Power 2025 IRP Vol. 3, Table 2 (GA ITS 10 Year Plan), TEAMS #20797",not_found,,,,0,,,
GPC_20774,Georgia Power,GA,GPC,211.0,CC - VILLA RICA UPGRADES (CC NETWORK IMPROVEMENTS),VILLA RICA,33.7410224,-84.8548652,,,,2028-06-01,Planned,auto_exact,20774,"Georgia Power 2025 IRP Vol. 3, Table 2 (GA ITS 10 Year Plan), TEAMS #20774",auto_exact,,33.7410224,-84.8548652,0,,,
GPC_21048,Georgia Power,GA,GPC,214.0,FITZGERALD - PITTS 115 KV LINE REBUILD,FITZGERALD,31.7293346,-83.2924114,PITTS,,,2028-06-01,Planned,auto_exact_partial,21048,"Georgia Power 2025 IRP Vol. 3, Table 2 (GA ITS 10 Year Plan), TEAMS #21048",auto_exact,not_found,31.7293346,-83.2924114,0,,,
GPC_08458,Georgia ITS (GTC),GA,GTC,213.0,GTC: BARNESVILLE - SOUTH GRIFFIN 230KV PROJECT,BARNESVILLE,33.0320694,-84.2012582,SOUTH GRIFFIN,,,2028-06-01,Planned,auto_exact_partial,08458,"Georgia Power 2025 IRP Vol. 3, Table 2 (GA ITS 10 Year Plan), TEAMS #08458",auto_exact,not_found,33.0320694,-84.2012582,0,,,
GPC_20503,Georgia ITS (GTC),GA,GTC,216.0,GTC: BARNEYVILLE - EAST MOULTRIE 115KV NEW LINE,BARNEYVILLE,33.0320694,-84.2012582,EAST MOULTRIE,31.2421775,-83.7434741,2028-06-01,Planned,auto_fuzzy,20503,"Georgia Power 2025 IRP Vol. 3, Table 2 (GA ITS 10 Year Plan), TEAMS #20503",auto_fuzzy,auto_exact,32.13712345,-83.97236615,0,,,
GPC_20873,Georgia ITS (GTC),GA,GTC,214.0,GTC: BONAIRE PRIMARY 500/230KV XFMR REPLCMNT & RELAY MOD,BONAIRE PRIMARY,32.5647949,-83.6000226,,,,2028-06-01,Planned,auto_exact,20873,"Georgia Power 2025 IRP Vol. 3, Table 2 (GA ITS 10 Year Plan), TEAMS #20873",auto_exact,,32.5647949,-83.6000226,0,,,
GPC_19992,Georgia ITS (GTC),GA,GTC,212.0,GTC: BOSTWICK - EAST SOCIAL CIRCLE 230KV RECONDUCTOR,BOSTWICK,,,EAST SOCIAL CIRCLE,33.6741503,-83.6793256,2028-06-01,Planned,auto_exact_partial,19992,"Georgia Power 2025 IRP Vol. 3, Table 2 (GA ITS 10 Year Plan), TEAMS #19992",not_found,auto_exact,33.6741503,-83.6793256,0,,,
GPC_20777,Georgia Power,GA,GPC,206.0,JACK MCDONOUGH - NORTHWEST (BLACK) 230KV RECONDUCTOR,JACK MCDONOUGH,,,NORTHWEST (BLACK),,,2028-06-01,Planned,not_found,20777,"Georgia Power 2025 IRP Vol. 3, Table 2 (GA ITS 10 Year Plan), TEAMS #20777",not_found,not_found,,,0,,,
GPC_19629,Georgia ITS (MEAG),GA,MEAG,216.0,MEAG: BRUMBLEY CREEK - SOUTH BAINBRIDGE 115KV REBUILD,BRUMBLEY CREEK,,,SOUTH BAINBRIDGE,30.8396079,-84.4889211,2028-06-01,Planned,auto_exact_partial,19629,"Georgia Power 2025 IRP Vol. 3, Table 2 (GA ITS 10 Year Plan), TEAMS #19629",not_found,auto_exact,30.8396079,-84.4889211,0,,,
GPC_19630,Georgia ITS (MEAG),GA,MEAG,216.0,MEAG: THOMASVILLE 230/115KV AUTOBANK REPLACEMENT,THOMASVILLE,30.9085196,-84.0050314,,,,2028-06-01,Planned,auto_exact,19630,"Georgia Power 2025 IRP Vol. 3, Table 2 (GA ITS 10 Year Plan), TEAMS #19630",auto_exact,,30.9085196,-84.0050314,0,,,
GPC_20482,Georgia Power,GA,GPC,213.0,PITTMAN ROAD - WEST POINT DAM (USA) 115KV REBUILD,PITTMAN ROAD,,,WEST POINT DAM,32.9186235,-85.1903899,2028-06-01,Planned,auto_ambiguous_partial,20482,"Georgia Power 2025 IRP Vol. 3, Table 2 (GA ITS 10 Year Plan), TEAMS #20482",not_found,auto_ambiguous,32.9186235,-85.1903899,0,,,
GPC_20656,Georgia Power,GA,GPC,208.0,PLANT YATES BREAKER AND HALF STATION,PLANT YATES BREAKER AND HALF STATION,,,,,,2028-06-01,Planned,not_found,20656,"Georgia Power 2025 IRP Vol. 3, Table 2 (GA ITS 10 Year Plan), TEAMS #20656",not_found,,,,0,,,
GPC_20783,Georgia Power,GA,SAV,219.0,SAV: COLEMAN - DEAN FOREST 115KV LINE REBUILD,COLEMAN,32.1077199,-81.226912,DEAN FOREST,32.0835097,-81.1887223,2028-06-01,Planned,auto_ambiguous,20783,"Georgia Power 2025 IRP Vol. 3, Table 2 (GA ITS 10 Year Plan), TEAMS #20783",auto_ambiguous,auto_exact,32.0956148,-81.20781715,2,DESC_23,DESC_10,
GPC_20407,Georgia Power,GA,SAV,219.0,SAV: MAGNOLIA - TRUMAN PARKWAY 115KV REBUILD,MAGNOLIA,32.0226869,-81.0861807,TRUMAN PARKWAY,,,2028-06-01,Planned,auto_exact_partial,20407,"Georgia Power 2025 IRP Vol. 3, Table 2 (GA ITS 10 Year Plan), TEAMS #20407",auto_exact,not_found,32.0226869,-81.0861807,2,DESC_10,DESC_23,
GPC_21069,Georgia Power,GA,GPC,201.0,SMART VALVES AT EAST VILLA RICA SWITCHING STATION,SMART VALVES AT EAST VILLA RICA SWITCHING STATION,,,,,,2028-06-01,Planned,not_found,21069,"Georgia Power 2025 IRP Vol. 3, Table 2 (GA ITS 10 Year Plan), TEAMS #21069",not_found,,,,0,,,
GPC_20768,Georgia Power,GA,GPC,214.0,SOUTH MACON 115KV BUSES 1 & 2 REPLACEMENT,SOUTH MACON,32.8203492,-83.6261978,,,,2028-06-01,Planned,auto_exact,20768,"Georgia Power 2025 IRP Vol. 3, Table 2 (GA ITS 10 Year Plan), TEAMS #20768",auto_exact,,32.8203492,-83.6261978,0,,,
GPC_20274,Georgia Power,GA,GPC,208.0,UNION CITY - YATES 230KV (BLACK) LINE REBUILD,UNION CITY,,,YATES,33.4576339,-84.8969584,2028-06-01,Planned,auto_exact_partial,20274,"Georgia Power 2025 IRP Vol. 3, Table 2 (GA ITS 10 Year Plan), TEAMS #20274",not_found,auto_exact,33.4576339,-84.8969584,0,,,
GPC_13166,Georgia Power,GA,GPC,213.0,FIRST AVENUE - NORTH COLUMBUS 115KV LINE REBUILD,FIRST AVENUE,,,NORTH COLUMBUS,,,2028-12-01,Planned,not_found,13166,"Georgia Power 2025 IRP Vol. 3, Table 2 (GA ITS 10 Year Plan), TEAMS #13166",not_found,not_found,,,0,,,
GPC_20586,Georgia ITS (GTC),GA,GTC,214.0,GTC: NORTH DUBLIN 230/115KV TRANSFORMERS AND BUS-TIE BREAKER,NORTH DUBLIN,,,,,,2028-12-01,Planned,not_found,20586,"Georgia Power 2025 IRP Vol. 3, Table 2 (GA ITS 10 Year Plan), TEAMS #20586",not_found,,,,0,,,
GPC_21062,Georgia Power,GA,GPC,208.0,ASHLEY PARK-WANSLEY 500KV,ASHLEY PARK,,,WANSLEY,33.4109556,-85.030769,2029-06-01,Planned,auto_exact_partial,21062,"Georgia Power 2025 IRP Vol. 3, Table 2 (GA ITS 10 Year Plan), TEAMS #21062",not_found,auto_exact,33.4109556,-85.030769,0,,,
GPC_10222,Georgia Power,GA,GPC,216.0,BLAKELY PRIMARY - HUCKLEBERRY 115KV REBUILD,BLAKELY PRIMARY,31.371554,-84.9059802,HUCKLEBERRY,,,2029-06-01,Planned,auto_exact_partial,10222,"Georgia Power 2025 IRP Vol. 3, Table 2 (GA ITS 10 Year Plan), TEAMS #10222",auto_exact,not_found,31.371554,-84.9059802,0,,,
GPC_21047,Georgia Power,GA,GPC,214.0,BROADWAY - ECHECONNEE 115 KV LINE REBUILD,BROADWAY,,,ECHECONNEE,,,2029-06-01,Planned,not_found,21047,"Georgia Power 2025 IRP Vol. 3, Table 2 (GA ITS 10 Year Plan), TEAMS #21047",not_found,not_found,,,0,,,
GPC_16887,Georgia Power,GA,GPC,213.0,BUTLER - THOMASTON 230KV LINE CONVERSION,BUTLER,32.5710217,-84.2897288,THOMASTON,32.8999225,-84.3125168,2029-06-01,Planned,auto_exact,16887,"Georgia Power 2025 IRP Vol. 3, Table 2 (GA ITS 10 Year Plan), TEAMS #16887",auto_exact,auto_exact,32.7354721,-84.3011228,0,,,
GPC_21036,Georgia Power,GA,GPC,201.0,BUZZARD ROOST - FACTORY SHOALS 230KV NEW LINE,BUZZARD ROOST,,,FACTORY SHOALS,,,2029-06-01,Planned,not_found,21036,"Georgia Power 2025 IRP Vol. 3, Table 2 (GA ITS 10 Year Plan), TEAMS #21036",not_found,not_found,,,0,,,
GPC_21142,Georgia Power,GA,GPC,206.0,CONYERS - KLONDIKE 230 KV SECOND LINE,CONYERS,,,KLONDIKE,33.6369768,-84.124487,2029-06-01,Planned,auto_exact_partial,21142,"Georgia Power 2025 IRP Vol. 3, Table 2 (GA ITS 10 Year Plan), TEAMS #21142",not_found,auto_exact,33.6369768,-84.124487,0,,,
GPC_21138,Georgia Power,GA,GPC,206.0,GLENWOOD SPRINGS - PORTERDALE PRIMARY 230KV LINE SWITCH REPL,GLENWOOD SPRINGS,,,PORTERDALE PRIMARY,,,2029-06-01,Planned,not_found,21138,"Georgia Power 2025 IRP Vol. 3, Table 2 (GA ITS 10 Year Plan), TEAMS #21138",not_found,not_found,,,0,,,
GPC_21112,Georgia ITS (GTC),GA,GTC,213.0,GTC: BARNESVILLE PRIMARY - THOMASTON 230KV,BARNESVILLE PRIMARY,33.0320694,-84.2012582,THOMASTON,32.8999225,-84.3125168,2029-06-01,Planned,auto_exact,21112,"Georgia Power 2025 IRP Vol. 3, Table 2 (GA ITS 10 Year Plan), TEAMS #21112",auto_exact,auto_exact,32.96599595,-84.2568875,0,,,
GPC_10814,Georgia ITS (GTC),GA,GTC,202.0,GTC: BAY CREEK 230/115KV SECOND AUTO TRANSFORMER,BAY CREEK,33.8681196,-83.8823506,,,,2029-06-01,Planned,auto_exact,10814,"Georgia Power 2025 IRP Vol. 3, Table 2 (GA ITS 10 Year Plan), TEAMS #10814",auto_exact,,33.8681196,-83.8823506,0,,,
GPC_21140,Georgia ITS (GTC),GA,GTC,214.0,GTC: BONAIRE PRIMARY - EASTMAN PRIMARY 115 KV LINE REBUILD,BONAIRE PRIMARY,32.5647949,-83.6000226,EASTMAN PRIMARY,32.2132993,-83.1614216,2029-06-01,Planned,auto_exact,21140,"Georgia Power 2025 IRP Vol. 3, Table 2 (GA ITS 10 Year Plan), TEAMS #21140",auto_exact,auto_exact,32.3890471,-83.3807221,0,,,
GPC_20849,Georgia ITS (GTC),GA,GTC,201.0,GTC: CLIFTONDALE - LINE CREEK 230KV LINE,CLIFTONDALE,,,LINE CREEK,,,2029-06-01,Planned,not_found,20849,"Georgia Power 2025 IRP Vol. 3, Table 2 (GA ITS 10 Year Plan), TEAMS #20849",not_found,not_found,,,0,,,
GPC_19950,Georgia ITS (GTC),GA,GTC,213.0,GTC: DRESDEN - TALBOT 500KV LINE,DRESDEN,33.3511155,-84.9059539,TALBOT,,,2029-06-01,Planned,auto_exact_partial,19950,"Georgia Power 2025 IRP Vol. 3, Table 2 (GA ITS 10 Year Plan), TEAMS #19950",auto_exact,not_found,33.3511155,-84.9059539,0,,,
GPC_20760,Georgia ITS (GTC),GA,GTC,202.0,GTC: HOPEWELL 230/115 KV BANK A,HOPEWELL,34.1741923,-84.2834055,,,,2029-06-01,Planned,auto_exact,20760,"Georgia Power 2025 IRP Vol. 3, Table 2 (GA ITS 10 Year Plan), TEAMS #20760",auto_exact,,34.1741923,-84.2834055,0,,,
GPC_21123,Georgia ITS (GTC),GA,GTC,201.0,GTC: TENASKA - WANSLEY 500KV NEW LINE,TENASKA,,,WANSLEY,33.4109556,-85.030769,2029-06-01,Planned,auto_exact_partial,21123,"Georgia Power 2025 IRP Vol. 3, Table 2 (GA ITS 10 Year Plan), TEAMS #21123",not_found,auto_exact,33.4109556,-85.030769,0,,,
GPC_21141,Georgia Power,GA,GPC,206.0,LLOYD SHOALS - PORTERDALE PRIMARY 115KV REBUILD,LLOYD SHOALS,33.3206142,-83.8410088,PORTERDALE PRIMARY,,,2029-06-01,Planned,auto_exact_partial,21141,"Georgia Power 2025 IRP Vol. 3, Table 2 (GA ITS 10 Year Plan), TEAMS #21141",auto_exact,not_found,33.3206142,-83.8410088,0,,,
GPC_20285,Georgia Power,GA,GPC,216.0,LOWER RIVER - WEBB (APC) 115KV RECONDUCTOR,LOWER RIVER,,,WEBB,,,2029-06-01,Planned,not_found,20285,"Georgia Power 2025 IRP Vol. 3, Table 2 (GA ITS 10 Year Plan), TEAMS #20285",not_found,not_found,,,0,,,
GPC_19621,Georgia Power,GA,GPC,212.0,MCEVER ROAD - SHOAL CREEK 115KV REBUILD,MCEVER ROAD,34.2728832,-83.8738012,SHOAL CREEK,,,2029-06-01,Planned,auto_exact_partial,19621,"Georgia Power 2025 IRP Vol. 3, Table 2 (GA ITS 10 Year Plan), TEAMS #19621",auto_exact,not_found,34.2728832,-83.8738012,0,,,
GPC_20346,Georgia Power,GA,GPC,218.0,MCMANUS - WEST BRUNSWICK 115KV REBUILD,MCMANUS,31.2158693,-81.5441372,WEST BRUNSWICK,31.2799089,-81.5586568,2029-06-01,Planned,auto_exact,20346,"Georgia Power 2025 IRP Vol. 3, Table 2 (GA ITS 10 Year Plan), TEAMS #20346",auto_exact,auto_exact,31.247889100000002,-81.551397,0,,,
GPC_17706,Georgia ITS (MEAG),GA,MEAG,214.0,MEAG: AULTMAN ROAD - FORT VALLEY #1 115 KV REBUILD,AULTMAN ROAD,32.56338,-83.7399508,FORT VALLEY #1,32.561358,-83.8722581,2029-06-01,Planned,auto_fuzzy,17706,"Georgia Power 2025 IRP Vol. 3, Table 2 (GA ITS 10 Year Plan), TEAMS #17706",auto_fuzzy,auto_fuzzy,32.562369000000004,-83.80610444999999,0,,,
GPC_11051,Georgia ITS (MEAG),GA,MEAG,216.0,MEAG: SLAPPEY DRIVE - WESTOVER 115KV LINE REBUILD,SLAPPEY DRIVE,,,WESTOVER,,,2029-06-01,Planned,not_found,11051,"Georgia Power 2025 IRP Vol. 3, Table 2 (GA ITS 10 Year Plan), TEAMS #11051",not_found,not_found,,,0,,,
GPC_20757,Georgia Power,GA,GPC,202.0,NORCROSS - NORTH DRUID HILLS 115KV REBUILD,NORCROSS,33.9325571,-84.2134303,NORTH DRUID HILLS,,,2029-06-01,Planned,auto_exact_partial,20757,"Georgia Power 2025 IRP Vol. 3, Table 2 (GA ITS 10 Year Plan), TEAMS #20757",auto_exact,not_found,33.9325571,-84.2134303,0,,,
GPC_21006,Georgia Power,GA,SAV,219.0,SAV: BOULEVARD - MAGNOLIA 115 KV LINE REBUILD,BOULEVARD,32.0412308,-81.1444637,MAGNOLIA,32.0226869,-81.0861807,2029-06-01,Planned,auto_exact,21006,"Georgia Power 2025 IRP Vol. 3, Table 2 (GA ITS 10 Year Plan), TEAMS #21006",auto_exact,auto_exact,32.031958849999995,-81.11532220000001,2,DESC_10,DESC_23,
GPC_21023,Georgia Power,GA,SAV,219.0,SAV: DEAN FOREST - LITTLE OGEECHEE 230 KV REBUILD,DEAN FOREST,32.0835097,-81.1887223,LITTLE OGEECHEE,32.0067859,-81.2531513,2029-06-01,Planned,auto_exact,21023,"Georgia Power 2025 IRP Vol. 3, Table 2 (GA ITS 10 Year Plan), TEAMS #21023",auto_exact,auto_exact,32.045147799999995,-81.2209368,2,DESC_23,DESC_10,
GPC_20989,Georgia Power,GA,SAV,219.0,SAV: RICE HOPE NEW AUTO TRANSFORMER,RICE HOPE,,,,,,2029-06-01,Planned,not_found,20989,"Georgia Power 2025 IRP Vol. 3, Table 2 (GA ITS 10 Year Plan), TEAMS #20989",not_found,,,,0,,,
GPC_13628,Georgia Power,GA,GPC,216.0,SOUTH BAINBRIDGE - SINAI (FPL) 115KV LINE RECONDUCTOR,SOUTH BAINBRIDGE,30.8396079,-84.4889211,SINAI (FPL),,,2029-06-01,Planned,auto_exact_partial,13628,"Georgia Power 2025 IRP Vol. 3, Table 2 (GA ITS 10 Year Plan), TEAMS #13628",auto_exact,not_found,30.8396079,-84.4889211,0,,,
GPC_20248,Georgia Power,GA,GPC,202.0,BAY CREEK - CONYERS 230KV REBUILD,BAY CREEK,33.8681196,-83.8823506,CONYERS,,,2029-12-31,Planned,auto_exact_partial,20248,"Georgia Power 2025 IRP Vol. 3, Table 2 (GA ITS 10 Year Plan), TEAMS #20248",auto_exact,not_found,33.8681196,-83.8823506,0,,,
GPC_21129,Georgia Power,GA,GPC,211.0,ANNISTON - HAMMOND 230KV LINE,ANNISTON,,,HAMMOND,34.2512064,-85.34558,2030-06-01,Planned,auto_fuzzy_partial,21129,"Georgia Power 2025 IRP Vol. 3, Table 2 (GA ITS 10 Year Plan), TEAMS #21129",not_found,auto_fuzzy,34.2512064,-85.34558,0,,,
GPC_20764,Georgia Power,GA,GPC,201.0,ATKINSON - NORTHSIDE DRIVE 115KV REBUILD,ATKINSON,,,NORTHSIDE DRIVE,,,2030-06-01,Planned,not_found,20764,"Georgia Power 2025 IRP Vol. 3, Table 2 (GA ITS 10 Year Plan), TEAMS #20764",not_found,not_found,,,0,,,
GPC_20761,Georgia Power,GA,GPC,201.0,ATKINSON - NORTHWEST 115KV REBUILD,ATKINSON,,,NORTHWEST,,,2030-06-01,Planned,not_found,20761,"Georgia Power 2025 IRP Vol. 3, Table 2 (GA ITS 10 Year Plan), TEAMS #20761",not_found,not_found,,,0,,,
GPC_21130,Georgia Power,GA,GPC,212.0,CC - NORTH GEORGIA DATA NETWORK UPGRADES,NORTH GEORGIA DATA NETWORK,,,,,,2030-06-01,Planned,not_found,21130,"Georgia Power 2025 IRP Vol. 3, Table 2 (GA ITS 10 Year Plan), TEAMS #21130",not_found,,,,0,,,
GPC_10478,Georgia Power,GA,GPC,212.0,CORNELIA - TALLULAH LODGE 115KV REBUILD,CORNELIA,,,TALLULAH LODGE,,,2030-06-01,Planned,not_found,10478,"Georgia Power 2025 IRP Vol. 3, Table 2 (GA ITS 10 Year Plan), TEAMS #10478",not_found,not_found,,,0,,,
GPC_18669,Georgia ITS (DU),GA,DU,212.0,DU: DAWSON CROSSING - NELSON (WHITE) 115 KV REBUILD,DAWSON CROSSING,34.3781185,-84.1335754,NELSON (WHITE),34.3865972,-84.3787707,2030-06-01,Planned,auto_exact,18669,"Georgia Power 2025 IRP Vol. 3, Table 2 (GA ITS 10 Year Plan), TEAMS #18669",auto_exact,auto_exact,34.38235785,-84.25617305,0,,,
GPC_21097,Georgia Power,GA,GPC,201.0,EAST POINT - TRIBUTARY 230KV REBUILD,EAST POINT,33.6763499,-84.4629659,TRIBUTARY,,,2030-06-01,Planned,auto_exact_partial,21097,"Georgia Power 2025 IRP Vol. 3, Table 2 (GA ITS 10 Year Plan), TEAMS #21097",auto_exact,not_found,33.6763499,-84.4629659,0,,,
GPC_20480,Georgia Power,GA,GPC,208.0,EAST POINT - UNION CITY 230KV BLACK LINE RECONDUCTOR,EAST POINT,33.6763499,-84.4629659,UNION CITY,,,2030-06-01,Planned,auto_exact_partial,20480,"Georgia Power 2025 IRP Vol. 3, Table 2 (GA ITS 10 Year Plan), TEAMS #20480",auto_exact,not_found,33.6763499,-84.4629659,0,,,
GPC_19627,Georgia Power,GA,GPC,214.0,ECHECONNEE-WELLSTON 115KV LINE REBUILD,ECHECONNEE,,,WELLSTON,,,2030-06-01,Planned,not_found,19627,"Georgia Power 2025 IRP Vol. 3, Table 2 (GA ITS 10 Year Plan), TEAMS #19627",not_found,not_found,,,0,,,
GPC_21063,Georgia Power,GA,GPC,216.0,FARLEY (APC)-TAZEWELL 500KV,FARLEY,,,TAZEWELL,,,2030-06-01,Planned,not_found,21063,"Georgia Power 2025 IRP Vol. 3, Table 2 (GA ITS 10 Year Plan), TEAMS #21063",not_found,not_found,,,0,,,
GPC_12120,Georgia Power,GA,GPC,212.0,GAINESVILLE #2 - MCEVER ROAD 115 KV REBUILD,GAINESVILLE #2,34.263022,-83.8096728,MCEVER ROAD,34.2728832,-83.8738012,2030-06-01,Planned,auto_exact,12120,"Georgia Power 2025 IRP Vol. 3, Table 2 (GA ITS 10 Year Plan), TEAMS #12120",auto_exact,auto_exact,34.2679526,-83.841737,0,,,
GPC_20298,Georgia Power,GA,GPC,214.0,GLENWOOD SPRINGS - LAKE OCONEE 115KV LINE REBUILD,GLENWOOD SPRINGS,,,LAKE OCONEE,33.4595297,-83.247451,2030-06-01,Planned,auto_exact_partial,20298,"Georgia Power 2025 IRP Vol. 3, Table 2 (GA ITS 10 Year Plan), TEAMS #20298",not_found,auto_exact,33.4595297,-83.247451,0,,,
GPC_21128,Georgia Power,GA,GPC,213.0,GOAT ROCK REACTORS INSTALLATION,GOAT ROCK REACTORS,,,,,,2030-06-01,Planned,not_found,21128,"Georgia Power 2025 IRP Vol. 3, Table 2 (GA ITS 10 Year Plan), TEAMS #21128",not_found,,,,0,,,
GPC_19996,Georgia Power,GA,GPC,215.0,GOLDENS CREEK - WARRENTON PRIMARY 230KV REBUILD,GOLDENS CREEK,,,WARRENTON PRIMARY,33.3805007,-82.687296,2030-06-01,Planned,auto_ambiguous_partial,19996,"Georgia Power 2025 IRP Vol. 3, Table 2 (GA ITS 10 Year Plan), TEAMS #19996",not_found,auto_ambiguous,33.3805007,-82.687296,0,,,
GPC_20428,Georgia Power,GA,GPC,214.0,GORDON-SANDERSVILLE #1 115KV LINE REBUILD (DEEPSTEP-SAND #6),GORDON,32.8824706,-83.3169141,SANDERSVILLE #1,32.9984771,-82.801938,2030-06-01,Planned,auto_exact,20428,"Georgia Power 2025 IRP Vol. 3, Table 2 (GA ITS 10 Year Plan), TEAMS #20428",auto_exact,auto_exact,32.940473850000004,-83.05942605000001,0,,,
GPC_21116,Georgia Power,GA,GPC,215.0,GOSHEN AREA STRATEGIC SOLUTION,GOSHEN,33.3197599,-81.9953118,,,,2030-06-01,Planned,auto_ambiguous,21116,"Georgia Power 2025 IRP Vol. 3, Table 2 (GA ITS 10 Year Plan), TEAMS #21116",auto_ambiguous,,33.3197599,-81.9953118,3,DESC_43,DESC_35,DESC_14
GPC_21073,Georgia ITS (GTC),GA,GTC,208.0,GTC: BIG SMARR - TOMOCHICHI 500KV,BIG SMARR,,,TOMOCHICHI,,,2030-06-01,Planned,not_found,21073,"Georgia Power 2025 IRP Vol. 3, Table 2 (GA ITS 10 Year Plan), TEAMS #21073",not_found,not_found,,,0,,,
GPC_21014,Georgia ITS (GTC),GA,GTC,201.0,GTC: BUZZARD ROOST - CAVENDER DRIVE 230KV NEW LINE,BUZZARD ROOST,,,CAVENDER DRIVE,,,2030-06-01,Planned,not_found,21014,"Georgia Power 2025 IRP Vol. 3, Table 2 (GA ITS 10 Year Plan), TEAMS #21014",not_found,not_found,,,0,,,
GPC_21013,Georgia ITS (GTC),GA,GTC,201.0,GTC: CAVENDER DRIVE 500/230KV AUTOBANK,CAVENDER DRIVE,,,,,,2030-06-01,Planned,not_found,21013,"Georgia Power 2025 IRP Vol. 3, Table 2 (GA ITS 10 Year Plan), TEAMS #21013",not_found,,,,0,,,
GPC_20375,Georgia ITS (GTC),GA,GTC,212.0,GTC: EAST WATKINSVILLE 230 KV STATION MODIFICATION,EAST WATKINSVILLE,33.8605463,-83.3847649,,,,2030-06-01,Planned,auto_exact,20375,"Georgia Power 2025 IRP Vol. 3, Table 2 (GA ITS 10 Year Plan), TEAMS #20375",auto_exact,,33.8605463,-83.3847649,0,,,
GPC_21111,Georgia ITS (GTC),GA,GTC,212.0,GTC: HARTWELL DAM - HARTWELL ENERGY 230KV SERIES REACTORS,HARTWELL DAM,,,HARTWELL ENERGY,,,2030-06-01,Planned,not_found,21111,"Georgia Power 2025 IRP Vol. 3, Table 2 (GA ITS 10 Year Plan), TEAMS #21111",not_found,not_found,,,0,,,
GPC_21113,Georgia ITS (GTC),GA,GTC,212.0,GTC: HARTWELL ENERGY - MIDDLE FORK 230KV LINE,HARTWELL ENERGY,,,MIDDLE FORK,,,2030-06-01,Planned,not_found,21113,"Georgia Power 2025 IRP Vol. 3, Table 2 (GA ITS 10 Year Plan), TEAMS #21113",not_found,not_found,,,0,,,
GPC_21131,Georgia ITS (GTC),GA,GTC,212.0,GTC: POND FORK - MIDWAY 115KV LINE,POND FORK,,,MIDWAY,,,2030-06-01,Planned,not_found,21131,"Georgia Power 2025 IRP Vol. 3, Table 2 (GA ITS 10 Year Plan), TEAMS #21131",not_found,not_found,,,0,,,
GPC_21077,Georgia ITS (GTC),GA,GTC,214.0,GTC: ROCKVILLE - TIGER CREEK -WARTHEN 500KV LINES,ROCKVILLE,,,TIGER CREEK,33.0945058,-82.9815846,2030-06-01,Planned,auto_exact_partial,21077,"Georgia Power 2025 IRP Vol. 3, Table 2 (GA ITS 10 Year Plan), TEAMS #21077",not_found,auto_exact,33.0945058,-82.9815846,0,,,
GPC_21076,Georgia ITS (GTC),GA,GTC,216.0,GTC: TALLBOT #2 - TAZEWELL 500KV LINE,TALLBOT #2,,,TAZEWELL,,,2030-06-01,Planned,not_found,21076,"Georgia Power 2025 IRP Vol. 3, Table 2 (GA ITS 10 Year Plan), TEAMS #21076",not_found,not_found,,,0,,,
GPC_21094,Georgia ITS (GTC),GA,GTC,214.0,GTC: TIGER CREEK- ROCKVILLE-NORTH SPA 230KV PROJECT,TIGER CREEK,33.0945058,-82.9815846,ROCKVILLE,,,2030-06-01,Planned,auto_exact_partial,21094,"Georgia Power 2025 IRP Vol. 3, Table 2 (GA ITS 10 Year Plan), TEAMS #21094",auto_exact,not_found,33.0945058,-82.9815846,0,,,
GPC_20789,Georgia Power,GA,GPC,212.0,JEFFERSON ROAD - WINDER PRIMARY 115KV REBUILD,JEFFERSON ROAD,33.977796,-83.5794808,WINDER PRIMARY,33.9954594,-83.7531307,2030-06-01,Planned,auto_ambiguous,20789,"Georgia Power 2025 IRP Vol. 3, Table 2 (GA ITS 10 Year Plan), TEAMS #20789",auto_fuzzy,auto_ambiguous,33.9866277,-83.66630574999999,0,,,
GPC_20284,Georgia Power,GA,GPC,216.0,KETTLE CREEK PRIMARY - PINE GROVE PRIMARY 115KV REBUILD,KETTLE CREEK PRIMARY,,,PINE GROVE PRIMARY,30.8816485,-83.2279869,2030-06-01,Planned,auto_exact_partial,20284,"Georgia Power 2025 IRP Vol. 3, Table 2 (GA ITS 10 Year Plan), TEAMS #20284",not_found,auto_exact,30.8816485,-83.2279869,0,,,
GPC_21118,Georgia ITS (MEAG),GA,MEAG,215.0,MEAG: ATHENA - WARRENTON 230KV CONVERSION,ATHENA,33.9764031,-83.3461189,WARRENTON,33.3805007,-82.687296,2030-06-01,Planned,auto_ambiguous,21118,"Georgia Power 2025 IRP Vol. 3, Table 2 (GA ITS 10 Year Plan), TEAMS #21118",auto_exact,auto_ambiguous,33.6784519,-83.01670745,0,,,
GPC_20857,Georgia Power,GA,GPC,201.0,NEW CAVENDER DRIVE - TRIBUTARY 230KV LINE,NEW CAVENDER DRIVE,,,TRIBUTARY,,,2030-06-01,Planned,not_found,20857,"Georgia Power 2025 IRP Vol. 3, Table 2 (GA ITS 10 Year Plan), TEAMS #20857",not_found,not_found,,,0,,,
GPC_21093,Georgia Power,GA,GPC,214.0,NORTH SPA 230KV STRATEGIC PROJECT,NORTH SPA,,,,,,2030-06-01,Planned,not_found,21093,"Georgia Power 2025 IRP Vol. 3, Table 2 (GA ITS 10 Year Plan), TEAMS #21093",not_found,,,,0,,,
GPC_19995,Georgia Power,GA,GPC,212.0,TALLULAH LODGE - TOCCOA 115 KV REBUILD,TALLULAH LODGE,,,TOCCOA,34.5809462,-83.3527341,2030-06-01,Planned,auto_exact_partial,19995,"Georgia Power 2025 IRP Vol. 3, Table 2 (GA ITS 10 Year Plan), TEAMS #19995",not_found,auto_exact,34.5809462,-83.3527341,0,,,
GPC_21098,Georgia Power,GA,GPC,201.0,TRIBUTARY - THORNTON RD 230KV REBUILD,TRIBUTARY,,,THORNTON RD,,,2030-06-01,Planned,not_found,21098,"Georgia Power 2025 IRP Vol. 3, Table 2 (GA ITS 10 Year Plan), TEAMS #21098",not_found,not_found,,,0,,,
GPC_20160,Georgia Power,GA,GPC,213.0,THOMASTON 230 NEW BUILD SUB,THOMASTON 230 NEW BUILD,,,,,,2030-11-01,Planned,not_found,20160,"Georgia Power 2025 IRP Vol. 3, Table 2 (GA ITS 10 Year Plan), TEAMS #20160",not_found,,,,0,,,
GPC_18848,Georgia Power,GA,GPC,216.0,"BAINBRIDGE TRANSMISSION: EAST RIVER ROAD, EAST BAINBRIDGE","BAINBRIDGE TRANSMISSION: EAST RIVER ROAD, EAST BAINBRIDGE",,,,,,2030-12-31,Planned,not_found,18848,"Georgia Power 2025 IRP Vol. 3, Table 2 (GA ITS 10 Year Plan), TEAMS #18848",not_found,,,,0,,,
GPC_19626,Georgia Power,GA,GPC,214.0,GLENWOOD SPRINGS 115KV CAP BANK,GLENWOOD SPRINGS,,,,,,2030-12-31,Planned,not_found,19626,"Georgia Power 2025 IRP Vol. 3, Table 2 (GA ITS 10 Year Plan), TEAMS #19626",not_found,,,,0,,,
GPC_20690,Georgia Power,GA,GPC,208.0,EAST POINT - UNION CITY (WHITE) 230KV REBUILD,EAST POINT,33.6763499,-84.4629659,UNION CITY (WHITE),,,2031-05-01,Planned,auto_exact_partial,20690,"Georgia Power 2025 IRP Vol. 3, Table 2 (GA ITS 10 Year Plan), TEAMS #20690",auto_exact,not_found,33.6763499,-84.4629659,0,,,
GPC_19632,Georgia Power,GA,GPC,202.0,AVERY - HOPEWELL 115KV RECONDUCTOR,AVERY,34.2169889,-84.3857643,HOPEWELL,34.1741923,-84.2834055,2031-06-01,Planned,auto_exact,19632,"Georgia Power 2025 IRP Vol. 3, Table 2 (GA ITS 10 Year Plan), TEAMS #19632",auto_exact,auto_exact,34.1955906,-84.33458490000001,0,,,
GPC_10811,Georgia Power,GA,GPC,211.0,BOWEN #10 500/230KV AUTOBANK REPLACEMENT,BOWEN #10,,,,,,2031-06-01,Planned,not_found,10811,"Georgia Power 2025 IRP Vol. 3, Table 2 (GA ITS 10 Year Plan), TEAMS #10811",not_found,,,,0,,,
GPC_20756,Georgia Power,GA,GPC,215.0,HATCH - WADLEY 500 KV LINE STRATEGIC PROJECT,HATCH,,,WADLEY,32.8846571,-82.4158724,2031-06-01,Planned,auto_exact_partial,20756,"Georgia Power 2025 IRP Vol. 3, Table 2 (GA ITS 10 Year Plan), TEAMS #20756",not_found,auto_exact,32.8846571,-82.4158724,0,,,
GPC_21099,Georgia ITS (MEAG),GA,MEAG,214.0,MEAG: PIO NONO 230/115KV AREA SOLUTION,PIO NONO,,,,,,2031-06-01,Planned,not_found,21099,"Georgia Power 2025 IRP Vol. 3, Table 2 (GA ITS 10 Year Plan), TEAMS #21099",not_found,,,,0,,,
GPC_21114,Georgia ITS (MEAG),GA,MEAG,213.0,MEAG: SOUTH GRIFFIN 230/115KV BANK #5,SOUTH GRIFFIN,,,,,,2032-06-01,Planned,not_found,21114,"Georgia Power 2025 IRP Vol. 3, Table 2 (GA ITS 10 Year Plan), TEAMS #21114",not_found,,,,0,,,
GPC_20784,Georgia Power,GA,SAV,219.0,SAV: COLEMAN - MELDRIM 115KV LINE REBUILD,COLEMAN,32.1077199,-81.226912,MELDRIM,32.1552821,-81.368377,2032-06-01,Planned,auto_ambiguous,20784,"Georgia Power 2025 IRP Vol. 3, Table 2 (GA ITS 10 Year Plan), TEAMS #20784",auto_ambiguous,auto_exact,32.131501,-81.29764449999999,2,DESC_23,DESC_10,
GPC_20767,Georgia Power,GA,GPC,214.0,ARKWRIGHT BUS AND JUMPER REPLACEMENT,ARKWRIGHT BUS AND JUMPER,,,,,,2033-06-01,Planned,not_found,20767,"Georgia Power 2025 IRP Vol. 3, Table 2 (GA ITS 10 Year Plan), TEAMS #20767",not_found,,,,0,,,
GPC_20758,Georgia Power,GA,GPC,202.0,BAY CREEK - CONYERS 230KV LIMITING ELEMENT REPLACEMENT,BAY CREEK,33.8681196,-83.8823506,CONYERS,,,2033-06-01,Planned,auto_exact_partial,20758,"Georgia Power 2025 IRP Vol. 3, Table 2 (GA ITS 10 Year Plan), TEAMS #20758",auto_exact,not_found,33.8681196,-83.8823506,0,,,
GPC_20793,Georgia Power,GA,GPC,215.0,EVANS PRIMARY - THURMOND DAM (USA) #5 115KV REBUILD,EVANS PRIMARY,33.543994,-82.168648,THURMOND DAM #5,33.660127,-82.195931,2033-06-01,Planned,sponsor_verified,20793,"Georgia Power 2025 IRP Vol. 3, Table 2 (GA ITS 10 Year Plan), TEAMS #20793",,,33.6020605,-82.1822895,4,DESC_31,DESC_14,DESC_43
GPC_20794,Georgia Power,GA,GPC,215.0,EVANS PRIMARY - THURMOND DAM (USA) #6 115KV REBUILD,EVANS PRIMARY,33.5439942,-82.1686481,THURMOND DAM  #6,,,2033-06-01,Planned,auto_exact_partial,20794,"Georgia Power 2025 IRP Vol. 3, Table 2 (GA ITS 10 Year Plan), TEAMS #20794",auto_exact,not_found,33.5439942,-82.1686481,4,DESC_14,DESC_31,DESC_43
GPC_12217,Georgia ITS (GTC),GA,GTC,212.0,GTC: CENTER PRIMARY - CLARKSBORO 230 KV REBUILD,CENTER PRIMARY,34.0534411,-83.3980855,CLARKSBORO,,,2033-06-01,Planned,auto_exact_partial,12217,"Georgia Power 2025 IRP Vol. 3, Table 2 (GA ITS 10 Year Plan), TEAMS #12217",auto_exact,not_found,34.0534411,-83.3980855,0,,,
GPC_20773,Georgia ITS (GTC),GA,GTC,212.0,GTC: CLARKSBORO - WINDER PRIMARY 230KV REBUILD,CLARKSBORO,,,WINDER PRIMARY,33.9954594,-83.7531307,2033-06-01,Planned,auto_ambiguous_partial,20773,"Georgia Power 2025 IRP Vol. 3, Table 2 (GA ITS 10 Year Plan), TEAMS #20773",not_found,auto_ambiguous,33.9954594,-83.7531307,0,,,
GPC_12147,Georgia ITS (GTC),GA,GTC,212.0,GTC: EAST SOCIAL CIRCLE - SNELLVILLE 230KV EQUIPMENT UPGRADE,EAST SOCIAL CIRCLE,33.6741503,-83.6793256,SNELLVILLE,33.8388687,-84.0481209,2033-06-01,Planned,auto_exact,12147,"Georgia Power 2025 IRP Vol. 3, Table 2 (GA ITS 10 Year Plan), TEAMS #12147",auto_exact,auto_exact,33.7565095,-83.86372324999999,0,,,
GPC_21075,Georgia ITS (GTC),GA,GTC,212.0,GTC: EAST WALTON - MIDDLE FORK 500KV,EAST WALTON,,,MIDDLE FORK,,,2033-06-01,Planned,not_found,21075,"Georgia Power 2025 IRP Vol. 3, Table 2 (GA ITS 10 Year Plan), TEAMS #21075",not_found,not_found,,,0,,,
GPC_20791,Georgia ITS (GTC),GA,GTC,212.0,GTC: SHOAL CREEK - SOUTH HALL 230KV REBUILD,SHOAL CREEK,,,SOUTH HALL,34.2186104,-83.802581,2033-06-01,Planned,auto_exact_partial,20791,"Georgia Power 2025 IRP Vol. 3, Table 2 (GA ITS 10 Year Plan), TEAMS #20791",not_found,auto_exact,34.2186104,-83.802581,0,,,
GPC_21053,Georgia Power,GA,GPC,212.0,MCEVER ROAD - SHOAL CREEK 115KV REBUILD PHASE III,MCEVER ROAD,34.2728832,-83.8738012,SHOAL CREEK,,,2033-06-01,Planned,auto_exact_partial,21053,"Georgia Power 2025 IRP Vol. 3, Table 2 (GA ITS 10 Year Plan), TEAMS #21053",auto_exact,not_found,34.2728832,-83.8738012,0,,,
GPC_09661,Georgia Power,GA,GPC,212.0,MCGRAU FORD - MIDDLE FORK 500KV LINE PROJECT,MCGRAU FORD,34.3264526,-84.3370065,MIDDLE FORK,,,2033-06-01,Planned,auto_exact_partial,09661,"Georgia Power 2025 IRP Vol. 3, Table 2 (GA ITS 10 Year Plan), TEAMS #09661",auto_exact,not_found,34.3264526,-84.3370065,0,,,
GPC_20796,Georgia Power,GA,SAV,219.0,SAV: MELDRIM BANK D REPLACEMENT,MELDRIM,32.1552821,-81.368377,,,,2033-06-01,Planned,auto_exact,20796,"Georgia Power 2025 IRP Vol. 3, Table 2 (GA ITS 10 Year Plan), TEAMS #20796",auto_exact,,32.1552821,-81.368377,1,DESC_23,,
GPC_14222,Georgia Power,GA,GPC,215.0,THOMSON PRIMARY 230/115KV SECOND TRANSFORMER,THOMSON PRIMARY,33.453955,-82.414219,,,,2033-06-01,Planned,auto_ambiguous,14222,"Georgia Power 2025 IRP Vol. 3, Table 2 (GA ITS 10 Year Plan), TEAMS #14222",auto_ambiguous,,33.453955,-82.414219,2,DESC_31,DESC_14,
GPC_20759,Georgia Power,GA,GPC,202.0,WINDER PRIMARY 230KV BUS 1-2 PARALLEL BUS-TIE INSTALLATION,WINDER PRIMARY,33.9954594,-83.7531307,,,,2033-06-01,Planned,auto_ambiguous,20759,"Georgia Power 2025 IRP Vol. 3, Table 2 (GA ITS 10 Year Plan), TEAMS #20759",auto_ambiguous,,33.9954594,-83.7531307,0,,,
GPC_10487,Georgia Power,GA,GPC,216.0,PINE GROVE PRIMARY - WEST VALDOSTA 115 KV RECONDUCTOR,PINE GROVE PRIMARY,30.8816485,-83.2279869,WEST VALDOSTA,30.846057,-83.2543359,2033-12-31,Planned,auto_fuzzy,10487,"Georgia Power 2025 IRP Vol. 3, Table 2 (GA ITS 10 Year Plan), TEAMS #10487",auto_exact,auto_fuzzy,30.86385275,-83.24116140000001,0,,,
GPC_18700,Georgia Power,GA,GPC,212.0,DAWSON CROSSING - GAINESVILLE #1 115 KV,DAWSON CROSSING,34.3781185,-84.1335754,GAINESVILLE #1,34.263022,-83.8096728,2034-06-01,Planned,auto_fuzzy,18700,"Georgia Power 2025 IRP Vol. 3, Table 2 (GA ITS 10 Year Plan), TEAMS #18700",auto_exact,auto_fuzzy,34.32057025,-83.9716241,0,,,
GPC_20787,Georgia Power,GA,SAV,219.0,SAV: LITTLE OGEECHEE 230/115KV BANK REPLACEMENT,LITTLE OGEECHEE,32.0067859,-81.2531513,,,,2034-06-01,Planned,auto_exact,20787,"Georgia Power 2025 IRP Vol. 3, Table 2 (GA ITS 10 Year Plan), TEAMS #20787",auto_exact,,32.0067859,-81.2531513,0,,,
GPC_17993,Georgia Power,GA,GPC,215.0,EVANS PRIMARY - THOMSON PRIMARY 115KV REBUILD,EVANS PRIMARY,33.5439942,-82.1686481,THOMSON PRIMARY,33.453955,-82.414219,2034-12-31,Planned,auto_ambiguous,17993,"Georgia Power 2025 IRP Vol. 3, Table 2 (GA ITS 10 Year Plan), TEAMS #17993",auto_exact,auto_ambiguous,33.4989746,-82.29143355,3,DESC_31,DESC_14,DESC_43
